date,daily_return,regime_id,regime_label
2016-01-05,-0.020823902218198298,2,Normal
2016-01-06,-0.02219140083217752,2,Normal
2016-01-07,-0.00378250591016549,2,Normal
2016-01-08,0.022781205505457924,2,Normal
2016-01-11,-0.04037122969837592,2,Normal
2016-01-12,-0.0024177949709864865,1,Elevated
2016-01-13,0.004847309743092554,1,Elevated
2016-01-14,-0.005788712011577379,1,Elevated
2016-01-15,0.026200873362445476,1,Elevated
2016-01-18,-0.00047281323877068626,1,Elevated
2016-01-19,0.014191106906338735,1,Elevated
2016-01-20,-0.041977611940298476,1,Elevated
2016-01-21,0.01363193768257065,1,Elevated
2016-01-22,0.0009606147934677622,1,Elevated
2016-01-25,-0.01679462571976964,1,Elevated
2016-01-26,-0.003904343582235237,1,Elevated
2016-01-27,-0.01763841254287113,1,Elevated
2016-01-28,0.003491271820448949,1,Elevated
2016-01-29,-0.0014910536779324524,1,Elevated
2016-02-01,0.028870084619213587,1,Elevated
2016-02-02,-0.037252056119980614,1,Elevated
2016-02-03,0.012562814070351758,1,Elevated
2016-02-04,-0.022828784119106715,1,Elevated
2016-02-05,0.01066531234129009,1,Elevated
2016-02-08,0.0341708542713568,1,Elevated
2016-02-09,-0.010204081632653073,1,Elevated
2016-02-10,0.004418262150220897,1,Elevated
2016-02-11,-0.01026392961876832,1,Elevated
2016-02-12,0.022716049382716097,1,Elevated
2016-02-15,-0.00917431192660545,1,Elevated
2016-02-16,0.007309941520467822,1,Elevated
2016-02-17,0.011611030478954953,1,Elevated
2016-02-18,0.013868962219033998,1,Elevated
2016-02-19,-0.021226415094339646,1,Elevated
2016-02-22,0.022168674698795243,1,Elevated
2016-02-23,0.008015087223008033,1,Elevated
2016-02-24,0.023386342376052305,1,Elevated
2016-02-25,0.005027422303473417,1,Elevated
2016-02-26,-0.01409731696225558,1,Elevated
2016-02-29,0.021678966789667964,1,Elevated
2016-03-01,-0.00948081264108347,1,Elevated
2016-03-02,-0.001823154056517784,1,Elevated
2016-03-03,-0.004109589041095929,1,Elevated
2016-03-04,0.01375515818431916,1,Elevated
2016-03-07,0.0004522840343736956,1,Elevated
2016-03-08,-0.009041591320072317,1,Elevated
2016-03-09,0.013229927007299302,1,Elevated
2016-03-10,0.007654209815398438,1,Elevated
2016-03-11,-0.005808757819481647,1,Elevated
2016-03-14,0.013033707865168553,1,Elevated
2016-03-15,0.0017746228926354135,1,Elevated
2016-03-17,-0.0004422821760282636,1,Elevated
2016-03-18,-0.001769911504424737,1,Elevated
2016-03-21,-0.007978723404255317,1,Elevated
2016-03-22,-0.0013404825737265424,1,Elevated
2016-03-23,-0.010738255033557076,1,Elevated
2016-03-24,-0.004070556309362261,1,Elevated
2016-03-29,-0.0072661217075385975,1,Elevated
2016-03-30,-0.006861848124428138,1,Elevated
2016-03-31,-0.00690925840626444,1,Elevated
2016-04-01,-0.013450834879406348,1,Elevated
2016-04-04,-0.008932769158439102,1,Elevated
2016-04-05,0.011385199240986799,1,Elevated
2016-04-06,0.00797373358348974,1,Elevated
2016-04-07,-0.011633317822242861,1,Elevated
2016-04-08,0.005649717514124353,1,Elevated
2016-04-11,0.004681647940074862,1,Elevated
2016-04-12,0.009319664492078328,1,Elevated
2016-04-13,-0.0004616805170821747,1,Elevated
2016-04-14,0.020785219399538146,1,Elevated
2016-04-15,-0.00588235294117645,1,Elevated
2016-04-18,0.012744651797906181,1,Elevated
2016-04-19,0.004494382022471877,1,Elevated
2016-04-20,0.004474272930648837,1,Elevated
2016-04-21,0.0075723830734966135,1,Elevated
2016-04-22,0.01105216622457994,1,Elevated
2016-04-25,-0.0021862702229995534,1,Elevated
2016-04-26,0.0074496056091148954,1,Elevated
2016-04-27,-0.0030448020878642845,1,Elevated
2016-04-28,-0.005671902268760909,1,Elevated
2016-04-29,0.01623519087318992,1,Elevated
2016-05-03,-0.004749568221070866,1,Elevated
2016-05-04,0.0008676789587851452,1,Elevated
2016-05-05,-0.008669267446900775,1,Elevated
2016-05-06,-0.02098819414079578,1,Elevated
2016-05-09,0.00625279142474322,1,Elevated
2016-05-10,0.005770084332001879,1,Elevated
2016-05-11,-0.0101500441306267,1,Elevated
2016-05-12,-0.013374944271065559,1,Elevated
2016-05-13,-0.009489380930863045,1,Elevated
2016-05-17,-0.011126564673157202,1,Elevated
2016-05-18,0.0037505860290669712,1,Elevated
2016-05-19,-0.009808500700607237,1,Elevated
2016-05-20,0.013207547169811429,1,Elevated
2016-05-23,0.030726256983240274,1,Elevated
2016-05-24,-0.009033423667569984,1,Elevated
2016-05-25,-0.010938924339106704,1,Elevated
2016-05-26,-0.0013824884792627001,1,Elevated
2016-05-27,0.0198431010613751,1,Elevated
2016-05-31,0.012669683257918507,1,Elevated
2016-06-01,-0.00044682752457547714,1,Elevated
2016-06-02,0.005364327223960741,1,Elevated
2016-06-03,-0.0035571365051133563,1,Elevated
2016-06-06,0.007585899152164233,1,Elevated
2016-06-07,-0.0004428697962799433,1,Elevated
2016-06-08,-0.0017722640673459855,1,Elevated
2016-06-09,0.002219263204616073,1,Elevated
2016-06-10,0.00797165633303809,1,Elevated
2016-06-13,0.010105448154657193,1,Elevated
2016-06-14,0.00391474554153981,1,Elevated
2016-06-15,0.007365684575389997,1,Elevated
2016-06-16,-0.012473118279569873,1,Elevated
2016-06-17,-0.012195121951219523,1,Elevated
2016-06-20,-0.0092592592592593,1,Elevated
2016-06-21,0.002670226969292422,1,Elevated
2016-06-22,0.004882379050155317,1,Elevated
2016-06-23,0.0004416961130742081,1,Elevated
2016-06-24,0.026490066225165476,1,Elevated
2016-06-27,0.015483870967741842,1,Elevated
2016-06-28,0.0012706480304955914,1,Elevated
2016-06-29,-0.0038071065989847552,1,Elevated
2016-06-30,-0.001698513800424628,1,Elevated
2016-07-01,0.02254359846873677,1,Elevated
2016-07-04,-0.0074875207986688785,1,Elevated
2016-07-05,0.027242246437552353,1,Elevated
2016-07-06,0.01591187270501826,1,Elevated
2016-07-07,0.009236947791164685,1,Elevated
2016-07-08,-0.005571030640668551,1,Elevated
2016-07-11,-0.0008003201280512018,1,Elevated
2016-07-12,-0.011613936724068852,1,Elevated
2016-07-13,0.009319286871961152,1,Elevated
2016-07-14,-0.004817342432757887,1,Elevated
2016-07-15,-0.011698265429608723,1,Elevated
2016-07-19,-0.013360323886639658,1,Elevated
2016-07-20,-0.008206811653672541,1,Elevated
2016-07-21,-0.022755482002482452,1,Elevated
2016-07-22,0.009314140558848383,1,Elevated
2016-07-25,-0.015520134228187876,1,Elevated
2016-07-26,-0.0021303792074989225,1,Elevated
2016-07-27,0.004269854824936026,1,Elevated
2016-07-28,-0.008503401360544172,1,Elevated
2016-07-29,-0.015008576329331058,1,Elevated
2016-08-01,0.025685676969960713,1,Elevated
2016-08-02,-0.014006791171477073,1,Elevated
2016-08-03,0.02410675850193722,1,Elevated
2016-08-04,0.010508617065994041,1,Elevated
2016-08-05,0.006655574043261225,1,Elevated
2016-08-08,-0.006611570247933907,1,Elevated
2016-08-09,-0.005823627287853572,1,Elevated
2016-08-10,0.012552301255230214,1,Elevated
2016-08-11,-0.002892561983471098,1,Elevated
2016-08-12,0.0029009531703274583,1,Elevated
2016-08-15,0.01983471074380172,1,Elevated
2016-08-16,0.006888168557536378,1,Elevated
2016-08-17,0.006036217303822866,1,Elevated
2016-08-18,0.0047999999999999154,1,Elevated
2016-08-19,-0.0079617834394905,1,Elevated
2016-08-22,-0.0345104333868379,1,Elevated
2016-08-23,0.011637572734829682,1,Elevated
2016-08-24,-0.007806080525883274,1,Elevated
2016-08-25,0.004554865424430732,1,Elevated
2016-08-26,0.0012366034624897715,1,Elevated
2016-08-30,-0.02799505969534788,1,Elevated
2016-08-31,-0.0008470986869970609,1,Elevated
2016-09-01,-0.02034760491733789,1,Elevated
2016-09-02,-0.009086975335352632,1,Elevated
2016-09-05,-0.0008733624454148048,1,Elevated
2016-09-06,-0.004807692307692291,1,Elevated
2016-09-07,0.0017566974088714105,1,Elevated
2016-09-08,-0.003068829460762812,1,Elevated
2016-09-09,-0.037379067722075665,1,Elevated
2016-09-12,0.008222932846048359,1,Elevated
2016-09-13,0.0036248300860897142,1,Elevated
2016-09-14,0.013544018058690765,1,Elevated
2016-09-15,0.00222717149220486,1,Elevated
2016-09-19,0.02315227070347281,1,Elevated
2016-09-20,0.003046127067014792,1,Elevated
2016-09-21,0.0013015184381779399,1,Elevated
2016-09-22,0.005199306759098743,1,Elevated
2016-09-23,-0.012931034482758674,1,Elevated
2016-09-26,-0.007423580786026229,1,Elevated
2016-09-27,0.005279366476022895,1,Elevated
2016-09-28,-0.009628008752735284,1,Elevated
2016-09-29,-0.0225364560318162,1,Elevated
2016-09-30,0.004972875226039841,1,Elevated
2016-10-03,0.019793072424651337,1,Elevated
2016-10-04,0.012351124834583116,1,Elevated
2016-10-05,0.006971677559912903,1,Elevated
2016-10-06,-0.01384681955863265,1,Elevated
2016-10-07,0.0175515577007459,1,Elevated
2016-10-10,-0.0383786114704614,1,Elevated
2016-10-11,0.0085201793721974,1,Elevated
2016-10-12,-0.007558915073365924,1,Elevated
2016-10-13,0.008512544802867339,1,Elevated
2016-10-14,0.0075521990226565805,1,Elevated
2016-10-17,-0.00970017636684306,1,Elevated
2016-10-18,-0.009795191451469232,1,Elevated
2016-10-19,0.00629496402877705,1,Elevated
2016-10-20,-0.00044682752457547714,1,Elevated
2016-10-21,-0.0008940545373268272,1,Elevated
2016-10-24,-0.0017897091722595126,1,Elevated
2016-10-25,0.014343343792021512,1,Elevated
2016-10-26,0.0061864781263809565,1,Elevated
2016-10-27,-0.002195871761089152,1,Elevated
2016-10-28,0.0030809859154929953,1,Elevated
2016-10-31,-0.00745941202281708,1,Elevated
2016-11-01,-0.01458885941644561,1,Elevated
2016-11-02,-0.0013458950201884479,1,Elevated
2016-11-03,-0.015274034141958714,1,Elevated
2016-11-04,-0.040602189781021925,2,Normal
2016-11-07,-0.02757964812173086,2,Normal
2016-11-08,0.00929095354523235,1,Elevated
2016-11-09,-0.006782945736434121,1,Elevated
2016-11-10,0.0024390243902439046,1,Elevated
2016-11-11,0.006326034063260266,1,Elevated
2016-11-14,-0.01644100580270791,1,Elevated
2016-11-15,-0.007374631268436627,1,Elevated
2016-11-16,0.007429420505200568,1,Elevated
2016-11-17,-0.001474926253687281,1,Elevated
2016-11-18,0.012801575578532676,1,Elevated
2016-11-21,-0.008264462809917328,1,Elevated
2016-11-22,0.007352941176470562,1,Elevated
2016-11-23,0.0024330900243310083,1,Elevated
2016-11-24,-0.0014563106796116054,1,Elevated
2016-11-25,-0.006319883325230924,1,Elevated
2016-11-28,-0.005381604696673148,1,Elevated
2016-11-29,-0.019675356615838635,1,Elevated
2016-11-30,-0.014550928248871053,1,Elevated
2016-12-01,-0.0015274949083503575,1,Elevated
2016-12-02,-0.03059663437021931,1,Elevated
2016-12-05,-0.021041557075223594,1,Elevated
2016-12-06,-0.016657710908113965,1,Elevated
2016-12-07,-0.012021857923497303,1,Elevated
2016-12-08,-0.01935840707964598,1,Elevated
2016-12-09,-0.04230118443316411,2,Normal
2016-12-12,0.020023557126030544,2,Normal
2016-12-13,0.012702078521940052,2,Normal
2016-12-14,0.04275940706955539,2,Normal
2016-12-15,-0.0032804811372334486,1,Elevated
2016-12-19,0.024752475247524774,1,Elevated
2016-12-20,-0.010198604401502998,1,Elevated
2016-12-21,0.00433839479392617,1,Elevated
2016-12-22,-0.02699784017278617,1,Elevated
2016-12-23,0.007769145394006749,1,Elevated
2016-12-28,-0.006057268722466924,1,Elevated
2016-12-29,-0.021052631578947323,1,Elevated
2016-12-30,-0.019807583474816037,1,Elevated
2017-01-03,0.01443418013856812,1,Elevated
2017-01-04,0.027888446215139417,1,Elevated
2017-01-05,0.0016611295681063787,1,Elevated
2017-01-06,0.0066334991708125735,1,Elevated
2017-01-09,-0.02196595277320157,1,Elevated
2017-01-10,0.009545199326221221,1,Elevated
2017-01-11,-0.0261401557285873,1,Elevated
2017-01-12,0.03426613363792108,1,Elevated
2017-01-13,-0.007730535615681933,1,Elevated
2017-01-16,-0.0027824151363383676,1,Elevated
2017-01-17,0.0,1,Elevated
2017-01-18,0.00390625,1,Elevated
2017-01-19,-0.022790439132851614,1,Elevated
2017-01-20,-0.005688282138794132,1,Elevated
2017-01-23,-0.0011441647597254523,1,Elevated
2017-01-24,0.006300114547537206,1,Elevated
2017-01-25,-0.00569151963574277,1,Elevated
2017-01-26,-0.015455065827132186,1,Elevated
2017-01-27,-0.013953488372092981,1,Elevated
2017-01-30,-0.005306603773584939,1,Elevated
2017-01-31,-0.0005927682276229973,1,Elevated
2017-02-01,0.0,1,Elevated
2017-02-02,0.0005931198102016033,1,Elevated
2017-02-03,0.0,1,Elevated
2017-02-06,-0.00652045050385297,1,Elevated
2017-02-07,-0.02088305489260145,1,Elevated
2017-02-08,-0.010359536867763586,1,Elevated
2017-02-09,-0.0012315270935960854,1,Elevated
2017-02-10,-0.007398273736128225,1,Elevated
2017-02-13,-0.022360248447204967,1,Elevated
2017-02-14,-0.013341804320203265,1,Elevated
2017-02-15,0.03927881519639409,1,Elevated
2017-02-16,0.024163568773234223,1,Elevated
2017-02-17,-0.015728977616454975,1,Elevated
2017-02-20,-0.009219422249538978,1,Elevated
2017-02-21,0.001240694789081953,1,Elevated
2017-02-22,-0.0030978934324659146,1,Elevated
2017-02-23,0.013051584835301444,1,Elevated
2017-02-24,-0.016564417177914126,1,Elevated
2017-02-27,-0.007485963817841501,1,Elevated
2017-02-28,-0.038969201759899486,1,Elevated
2017-03-01,0.007848266841072649,1,Elevated
2017-03-02,0.02336145360155739,1,Elevated
2017-03-03,0.01775523145212432,1,Elevated
2017-03-06,-0.01121495327102806,1,Elevated
2017-03-07,-0.001890359168241984,1,Elevated
2017-03-08,-0.005050505050505083,1,Elevated
2017-03-09,-0.0025380710659898,1,Elevated
2017-03-10,0.014631043256997378,1,Elevated
2017-03-13,0.04012539184952968,2,Normal
2017-03-14,0.022302591922845005,2,Normal
2017-03-15,-0.007665094339622591,2,Normal
2017-03-17,-0.009085402786190189,2,Normal
2017-03-20,0.05256723716381417,2,Normal
2017-03-21,0.004645760743321681,1,Elevated
2017-03-22,0.008092485549132888,1,Elevated
2017-03-23,0.0034403669724769603,1,Elevated
2017-03-24,-0.020571428571428574,1,Elevated
2017-03-27,0.0029171528588098905,1,Elevated
2017-03-28,-0.006399069226294407,1,Elevated
2017-03-29,-0.012880562060889944,1,Elevated
2017-03-30,-0.001779359430605032,1,Elevated
2017-03-31,-0.002376708259061222,1,Elevated
2017-04-03,0.005955926146515855,1,Elevated
2017-04-04,0.00414446417998815,1,Elevated
2017-04-05,-0.002948113207547176,1,Elevated
2017-04-06,-0.011827321111768208,1,Elevated
2017-04-07,-0.03411131059245964,1,Elevated
2017-04-10,-0.021685254027261514,1,Elevated
2017-04-11,0.006966434452184922,1,Elevated
2017-04-12,-0.0031446540880503138,1,Elevated
2017-04-13,-0.025867507886435326,1,Elevated
2017-04-18,-0.016191709844559532,1,Elevated
2017-04-19,-0.03159973666886107,2,Normal
2017-04-20,-0.03806934058463629,2,Normal
2017-04-21,0.029681978798586472,2,Normal
2017-04-24,-0.022649279341111828,2,Normal
2017-04-25,0.018258426966292207,1,Elevated
2017-04-26,0.01586206896551734,1,Elevated
2017-04-27,-0.006109979633401208,1,Elevated
2017-04-28,-0.019808743169398957,1,Elevated
2017-05-02,-0.014634146341463428,1,Elevated
2017-05-03,-0.016973125884017004,1,Elevated
2017-05-04,0.03597122302158273,2,Normal
2017-05-05,0.014583333333333393,2,Normal
2017-05-08,0.04722792607802884,2,Normal
2017-05-09,-0.0006535947712418277,1,Elevated
2017-05-10,0.0,1,Elevated
2017-05-11,0.0006540222367561466,1,Elevated
2017-05-12,0.025490196078431282,1,Elevated
2017-05-15,0.013384321223709472,1,Elevated
2017-05-17,0.006970849176172411,1,Elevated
2017-05-18,0.010069225928256875,1,Elevated
2017-05-19,-0.0261682242990654,1,Elevated
2017-05-22,0.0019193857965451588,1,Elevated
2017-05-23,-0.007662835249042099,1,Elevated
2017-05-24,-0.05534105534105538,2,Normal
2017-05-25,-0.012942779291553186,2,Normal
2017-05-26,0.031746031746031855,2,Normal
2017-05-30,0.058193979933110374,2,Normal
2017-05-31,0.0006321112515803584,1,Elevated
2017-06-01,-0.00758054327226787,1,Elevated
2017-06-02,-0.010821133036282626,1,Elevated
2017-06-05,-0.008365508365508312,1,Elevated
2017-06-06,-0.0006489292667098967,1,Elevated
2017-06-07,-0.00649350649350644,1,Elevated
2017-06-08,0.0039215686274509665,1,Elevated
2017-06-09,0.044921875,2,Normal
2017-06-12,0.03239875389408109,2,Normal
2017-06-13,-0.021122510561255248,1,Elevated
2017-06-14,0.004932182490752224,1,Elevated
2017-06-15,0.0006134969325153339,1,Elevated
2017-06-16,-0.011649294911097452,1,Elevated
2017-06-19,-0.03660049627791562,1,Elevated
2017-06-20,0.0019317450096587585,1,Elevated
2017-06-21,-0.03084832904884316,1,Elevated
2017-06-22,-0.01525198938992045,1,Elevated
2017-06-23,0.022222222222222143,1,Elevated
2017-06-26,-0.01976284584980237,1,Elevated
2017-06-27,0.005376344086021501,1,Elevated
2017-06-28,0.0006684491978610207,1,Elevated
2017-06-29,-0.01603206412825653,1,Elevated
2017-06-30,0.04073319755600813,1,Elevated
2017-07-03,0.003261578604044413,1,Elevated
2017-07-04,-0.0019505851755526882,1,Elevated
2017-07-05,-0.0006514657980456473,1,Elevated
2017-07-06,-0.013689700130378069,1,Elevated
2017-07-07,-0.01586252478519501,1,Elevated
2017-07-10,-0.016118200134318306,1,Elevated
2017-07-11,-0.00887372013651877,1,Elevated
2017-07-12,0.0013774104683195176,1,Elevated
2017-07-13,0.026134800550206227,1,Elevated
2017-07-14,0.011394101876675666,1,Elevated
2017-07-18,0.0033178500331785266,1,Elevated
2017-07-19,0.01388888888888884,1,Elevated
2017-07-20,0.009784735812133016,1,Elevated
2017-07-21,0.008397932816537557,1,Elevated
2017-07-24,-0.004484304932735439,1,Elevated
2017-07-25,-0.021235521235521193,1,Elevated
2017-07-26,-0.009861932938856066,1,Elevated
2017-07-27,0.03917662682602918,1,Elevated
2017-07-28,0.019169329073482455,1,Elevated
2017-07-31,-0.0031347962382445305,1,Elevated
2017-08-01,-0.01823899371069182,1,Elevated
2017-08-02,0.0121716848174247,1,Elevated
2017-08-03,0.008860759493670933,1,Elevated
2017-08-04,-0.019447929736511882,1,Elevated
2017-08-07,0.013435700575815668,1,Elevated
2017-08-08,-0.005050505050505083,1,Elevated
2017-08-09,-0.012055837563451743,1,Elevated
2017-08-10,-0.012202954399486154,1,Elevated
2017-08-11,0.002600780234070177,1,Elevated
2017-08-14,-0.03242542153047989,1,Elevated
2017-08-15,-0.022117962466487895,1,Elevated
2017-08-16,-0.008910212474297463,1,Elevated
2017-08-17,0.012448132780082943,1,Elevated
2017-08-18,0.011612021857923427,1,Elevated
2017-08-21,0.0006752194463199857,1,Elevated
2017-08-22,-0.0006747638326585204,1,Elevated
2017-08-23,-0.006076975016880537,1,Elevated
2017-08-24,0.01154891304347827,1,Elevated
2017-08-25,0.016789791806581578,1,Elevated
2017-08-29,0.009247027741083214,1,Elevated
2017-08-30,-0.01832460732984298,1,Elevated
2017-08-31,0.0020000000000000018,1,Elevated
2017-09-01,0.0,1,Elevated
2017-09-04,-0.003992015968063867,1,Elevated
2017-09-05,0.0006680026720107257,1,Elevated
2017-09-06,-0.02603471295060078,1,Elevated
2017-09-07,-0.018505825908156304,1,Elevated
2017-09-08,0.0027932960893854997,1,Elevated
2017-09-11,-0.0062674094707521055,1,Elevated
2017-09-12,0.0035038542396637062,1,Elevated
2017-09-13,0.0188547486033519,1,Elevated
2017-09-14,0.01713502398903355,1,Elevated
2017-09-15,0.0,1,Elevated
2017-09-19,-0.004070556309362261,1,Elevated
2017-09-20,0.008174386920980936,1,Elevated
2017-09-21,0.008108108108108025,1,Elevated
2017-09-22,-0.013404825737265424,1,Elevated
2017-09-25,-0.0013586956521739468,1,Elevated
2017-09-26,0.0020408163265306367,1,Elevated
2017-09-27,0.016972165648336812,1,Elevated
2017-09-28,-0.014686248331108098,1,Elevated
2017-09-29,0.027100271002709952,1,Elevated
2017-10-02,0.008575197889182151,1,Elevated
2017-10-03,0.01635055591890122,1,Elevated
2017-10-04,0.002574002574002643,1,Elevated
2017-10-05,0.01347881899871628,1,Elevated
2017-10-06,0.008866371120962668,1,Elevated
2017-10-09,-0.03766478342749524,1,Elevated
2017-10-10,0.009132420091324311,1,Elevated
2017-10-11,0.023270846800258482,1,Elevated
2017-10-12,-0.0018951358180669953,1,Elevated
2017-10-13,-0.008860759493670933,1,Elevated
2017-10-16,-0.01851851851851849,1,Elevated
2017-10-17,0.012361743656473578,1,Elevated
2017-10-18,0.0025706940874035134,1,Elevated
2017-10-19,0.023076923076922995,1,Elevated
2017-10-20,-0.0025062656641604564,1,Elevated
2017-10-23,-0.007537688442211032,1,Elevated
2017-10-24,-0.012025316455696156,1,Elevated
2017-10-25,-0.00832799487508007,1,Elevated
2017-10-26,0.01808785529715773,1,Elevated
2017-10-27,-0.0019035532994924331,1,Elevated
2017-10-30,-0.0012714558169103496,1,Elevated
2017-10-31,-0.01145767027371103,1,Elevated
2017-11-01,0.011590470057952329,1,Elevated
2017-11-02,-0.013367281985996127,1,Elevated
2017-11-03,0.005806451612903274,1,Elevated
2017-11-06,0.016677357280307836,1,Elevated
2017-11-07,0.006940063091482651,1,Elevated
2017-11-08,0.020676691729323293,1,Elevated
2017-11-09,0.0018416206261511192,1,Elevated
2017-11-10,0.006127450980392135,1,Elevated
2017-11-13,-0.0024360535931789995,1,Elevated
2017-11-14,-0.019536019536019578,1,Elevated
2017-11-15,-0.015566625155666203,1,Elevated
2017-11-16,0.00379506641366234,1,Elevated
2017-11-17,-0.006301197227473243,1,Elevated
2017-11-20,-0.020925808497146425,1,Elevated
2017-11-21,0.0,1,Elevated
2017-11-22,0.005181347150259086,1,Elevated
2017-11-23,-0.006443298969072142,1,Elevated
2017-11-24,-0.005836575875486361,1,Elevated
2017-11-27,-0.019569471624266144,1,Elevated
2017-11-28,-0.010645375914836941,1,Elevated
2017-11-29,0.0060524546065905405,1,Elevated
2017-11-30,-0.03475935828877008,1,Elevated
2017-12-01,-0.0041551246537395725,1,Elevated
2017-12-04,-0.022253129346314293,1,Elevated
2017-12-05,-0.02987197724039825,1,Elevated
2017-12-06,-0.014662756598240456,1,Elevated
2017-12-07,-0.013392857142857095,1,Elevated
2017-12-08,0.007541478129713397,1,Elevated
2017-12-11,-0.0052395209580838875,1,Elevated
2017-12-12,0.05643340857787815,2,Normal
2017-12-13,0.007122507122507171,1,Elevated
2017-12-14,-0.0021216407355021394,1,Elevated
2017-12-15,-0.0028348688873139904,1,Elevated
2017-12-19,-0.007042253521126751,1,Elevated
2017-12-20,0.007092198581560183,1,Elevated
2017-12-21,-0.009154929577464777,1,Elevated
2017-12-22,-0.01990049751243783,1,Elevated
2017-12-27,-0.00942712110224797,1,Elevated
2017-12-28,0.019765739385065872,1,Elevated
2017-12-29,-0.01076812634601576,1,Elevated
2018-01-02,0.0036284470246734646,1,Elevated
2018-01-03,-0.006507592190889366,1,Elevated
2018-01-04,-0.005094614264919972,1,Elevated
2018-01-05,-0.002194586686174116,1,Elevated
2018-01-08,0.00513196480938416,1,Elevated
2018-01-09,0.003646973012399801,1,Elevated
2018-01-10,0.02034883720930236,1,Elevated
2018-01-11,-0.005698005698005715,1,Elevated
2018-01-12,-0.011461318051575908,1,Elevated
2018-01-15,0.017391304347825987,1,Elevated
2018-01-16,-0.0092592592592593,1,Elevated
2018-01-17,0.01869158878504673,1,Elevated
2018-01-18,-0.009880028228652082,1,Elevated
2018-01-19,-0.016393442622950838,1,Elevated
2018-01-22,-0.007246376811594235,1,Elevated
2018-01-23,-0.004379562043795637,1,Elevated
2018-01-24,-0.00513196480938416,1,Elevated
2018-01-25,-0.0007369196757552876,1,Elevated
2018-01-26,0.018436578171091345,1,Elevated
2018-01-29,-0.007965242577842147,1,Elevated
2018-01-30,0.010948905109489093,1,Elevated
2018-01-31,0.010108303249097395,1,Elevated
2018-02-01,0.006433166547533897,1,Elevated
2018-02-02,0.03338068181818188,1,Elevated
2018-02-05,0.0013745704467353903,1,Elevated
2018-02-06,0.0034317089910775866,1,Elevated
2018-02-07,-0.009575923392612817,1,Elevated
2018-02-08,0.008287292817679592,1,Elevated
2018-02-09,0.005479452054794498,1,Elevated
2018-02-12,-0.006130790190735702,1,Elevated
2018-02-13,0.007539410555174708,1,Elevated
2018-02-14,0.010204081632652962,1,Elevated
2018-02-15,0.01077441077441077,1,Elevated
2018-02-16,0.003997335109926725,1,Elevated
2018-02-19,-0.015925680159256772,1,Elevated
2018-02-20,0.022252191503708607,1,Elevated
2018-02-21,0.014511873350923521,1,Elevated
2018-02-22,-0.007802340702210642,1,Elevated
2018-02-23,0.013761467889908285,1,Elevated
2018-02-26,0.01098901098901095,1,Elevated
2018-02-27,0.007672634271099765,1,Elevated
2018-02-28,0.0038071065989848663,1,Elevated
2018-03-01,0.017699115044247815,1,Elevated
2018-03-02,0.019254658385093215,1,Elevated
2018-03-05,0.04082876294942106,1,Elevated
2018-03-06,0.011124121779859442,1,Elevated
2018-03-07,0.0,1,Elevated
2018-03-08,0.02663578459756799,1,Elevated
2018-03-09,-0.018048505358150058,1,Elevated
2018-03-12,0.028719126938541173,1,Elevated
2018-03-13,-0.008375209380234505,1,Elevated
2018-03-14,0.010135135135135087,1,Elevated
2018-03-15,0.0011148272017837968,1,Elevated
2018-03-19,-0.036191536748329645,1,Elevated
2018-03-20,0.01444251877527436,1,Elevated
2018-03-21,0.010820045558086466,1,Elevated
2018-03-22,0.00619718309859163,1,Elevated
2018-03-23,0.019596864501679745,1,Elevated
2018-03-26,-0.000549148819329992,1,Elevated
2018-03-27,-0.027472527472527486,1,Elevated
2018-03-28,0.014689265536723228,1,Elevated
2018-03-29,-0.02394209354120269,1,Elevated
2018-04-03,-0.01140901312036513,1,Elevated
2018-04-04,-0.004616272360069229,1,Elevated
2018-04-05,0.0017391304347826875,1,Elevated
2018-04-06,-0.0248842592592593,1,Elevated
2018-04-09,0.02314540059347192,1,Elevated
2018-04-10,-0.008120649651972123,1,Elevated
2018-04-11,0.018128654970760216,1,Elevated
2018-04-12,-0.0074669730040206606,1,Elevated
2018-04-13,0.004050925925925819,1,Elevated
2018-04-16,0.05244956772334297,2,Normal
2018-04-17,-0.0021905805038334725,1,Elevated
2018-04-18,0.028540065861690556,1,Elevated
2018-04-19,0.002134471718249653,1,Elevated
2018-04-20,-0.026091586794462218,1,Elevated
2018-04-23,0.0,1,Elevated
2018-04-24,0.018589393110989505,1,Elevated
2018-04-25,-0.0005367686527106841,1,Elevated
2018-04-26,0.00698174006444674,1,Elevated
2018-04-27,0.009066666666666556,1,Elevated
2018-04-30,0.006871035940803294,1,Elevated
2018-05-01,0.019947506561679873,1,Elevated
2018-05-02,-0.0072053525476067914,1,Elevated
2018-05-03,0.005702436495593544,1,Elevated
2018-05-04,-0.004123711340206171,1,Elevated
2018-05-08,0.0010351966873705098,1,Elevated
2018-05-09,-0.005170630816959676,1,Elevated
2018-05-10,0.0036382536382535413,1,Elevated
2018-05-11,0.007767995857068888,1,Elevated
2018-05-14,-0.06372045220966083,2,Normal
2018-05-15,0.026344676180021898,2,Normal
2018-05-17,-0.02058047493403692,1,Elevated
2018-05-18,0.014008620689655249,1,Elevated
2018-05-21,-0.010095642933049986,1,Elevated
2018-05-22,-0.0032206119162641045,1,Elevated
2018-05-23,0.013462574044157183,1,Elevated
2018-05-24,-0.009032943676939409,1,Elevated
2018-05-25,-0.011260053619302934,1,Elevated
2018-05-29,-0.0157266811279827,1,Elevated
2018-05-30,0.0033057851239668423,1,Elevated
2018-05-31,-0.02635914332784184,1,Elevated
2018-06-01,-0.007332205301748496,1,Elevated
2018-06-04,-0.038068181818181834,2,Normal
2018-06-05,-0.03189604252805667,2,Normal
2018-06-06,0.004270896888346476,2,Normal
2018-06-07,-0.01883353584447145,2,Normal
2018-06-08,0.045820433436532415,2,Normal
2018-06-11,-0.007696862048549469,2,Normal
2018-06-12,0.005369928400954738,2,Normal
2018-06-13,-0.029080118694362,2,Normal
2018-06-14,0.031173594132029248,2,Normal
2018-06-15,0.06461173681090693,2,Normal
2018-06-18,-0.015590200445434244,2,Normal
2018-06-19,0.005090497737556543,2,Normal
2018-06-20,0.03545301069217777,2,Normal
2018-06-21,-0.013586956521739135,1,Elevated
2018-06-22,-0.0060606060606061,1,Elevated
2018-06-25,0.0027716186252770836,1,Elevated
2018-06-26,-0.0027639579878385723,1,Elevated
2018-06-27,-0.026053215077605274,1,Elevated
2018-06-28,0.02959590210586227,1,Elevated
2018-06-29,0.013819789939192972,1,Elevated
2018-07-02,0.0005452562704471031,1,Elevated
2018-07-03,-0.01961852861035418,1,Elevated
2018-07-04,-0.0005558643690939391,1,Elevated
2018-07-05,0.008342602892102313,1,Elevated
2018-07-06,-0.013237727523441767,1,Elevated
2018-07-09,-0.003912800447177234,1,Elevated
2018-07-10,0.019079685746352437,1,Elevated
2018-07-11,-0.004405286343612369,1,Elevated
2018-07-12,0.0016592920353981633,1,Elevated
2018-07-13,0.02705687465488671,1,Elevated
2018-07-17,-0.010221465076660996,1,Elevated
2018-07-18,-0.01950659781985087,1,Elevated
2018-07-19,-0.009362200117027486,1,Elevated
2018-07-20,0.0035440047253396667,1,Elevated
2018-07-23,-0.012360211889346662,1,Elevated
2018-07-24,-0.014898688915375491,1,Elevated
2018-07-25,-0.00423472474289166,1,Elevated
2018-07-26,0.028554070473876036,2,Normal
2018-07-27,-0.026580035440047278,2,Normal
2018-07-30,-0.0012135922330097637,2,Normal
2018-07-31,-0.027339003645200477,2,Normal
2018-08-01,-0.04497189256714551,2,Normal
2018-08-02,0.00457815565729236,2,Normal
2018-08-03,-0.00716145833333337,2,Normal
2018-08-06,0.03803278688524592,2,Normal
2018-08-07,-0.02590018951358186,2,Normal
2018-08-08,0.0077821011673151474,1,Elevated
2018-08-09,-0.009652509652509633,1,Elevated
2018-08-10,0.0032488628979856493,1,Elevated
2018-08-13,-0.0045336787564767,1,Elevated
2018-08-14,-0.005204944697462577,1,Elevated
2018-08-15,0.0019620667102682177,1,Elevated
2018-08-16,0.004569190600522299,1,Elevated
2018-08-17,-0.0032488628979857603,1,Elevated
2018-08-20,0.014993481095175953,1,Elevated
2018-08-21,0.02247912652536921,1,Elevated
2018-08-22,0.020728643216080478,1,Elevated
2018-08-23,0.012923076923076815,1,Elevated
2018-08-24,0.010935601458080146,1,Elevated
2018-08-28,-0.009014423076923128,1,Elevated
2018-08-29,-0.0036385688295936802,1,Elevated
2018-08-30,-0.02008520998174068,1,Elevated
2018-08-31,0.01552795031055898,1,Elevated
2018-09-03,-0.014678899082568808,1,Elevated
2018-09-04,0.008690254500310468,1,Elevated
2018-09-05,-0.006153846153846176,1,Elevated
2018-09-06,-0.005572755417956654,1,Elevated
2018-09-07,-0.0037359900373599153,1,Elevated
2018-09-10,0.001875000000000071,1,Elevated
2018-09-11,-0.02432938240798499,1,Elevated
2018-09-12,-0.014705882352941124,1,Elevated
2018-09-13,0.005191434133679396,1,Elevated
2018-09-14,0.022595222724338226,1,Elevated
2018-09-18,0.00441640378548902,1,Elevated
2018-09-19,-0.01633165829145733,1,Elevated
2018-09-20,-0.0019157088122605526,1,Elevated
2018-09-21,0.001279590531030106,1,Elevated
2018-09-24,0.020447284345047834,1,Elevated
2018-09-25,-0.02128991859737006,1,Elevated
2018-09-26,-0.015355086372360827,1,Elevated
2018-09-27,-0.00649772579597141,1,Elevated
2018-09-28,-0.021582733812949617,1,Elevated
2018-10-01,-0.022058823529411797,2,Normal
2018-10-02,0.05331510594668498,2,Normal
2018-10-03,-0.02790395846852689,2,Normal
2018-10-04,0.006675567423231055,1,Elevated
2018-10-05,0.012599469496021198,1,Elevated
2018-10-08,0.017026850032743956,1,Elevated
2018-10-09,0.012878300064391501,1,Elevated
2018-10-10,-0.017800381436745116,1,Elevated
2018-10-11,0.0045307443365696365,1,Elevated
2018-10-12,0.028350515463917425,1,Elevated
2018-10-15,-0.016917293233082664,1,Elevated
2018-10-16,0.012746972594009032,1,Elevated
2018-10-17,0.01636249213341734,1,Elevated
2018-10-18,-0.021052631578947323,1,Elevated
2018-10-19,0.015812776723592714,1,Elevated
2018-10-22,0.02179327521793284,1,Elevated
2018-10-23,-0.007312614259597838,1,Elevated
2018-10-24,-0.007980356046654369,1,Elevated
2018-10-25,0.0365099009900991,1,Elevated
2018-10-26,0.017313432835820874,1,Elevated
2018-10-29,-0.018192488262910755,1,Elevated
2018-10-30,0.0179318589360431,1,Elevated
2018-10-31,-0.004697592483852042,1,Elevated
2018-11-01,-0.011209439528023557,1,Elevated
2018-11-02,-0.0005966587112171684,1,Elevated
2018-11-05,0.012537313432835928,1,Elevated
2018-11-06,0.0,1,Elevated
2018-11-07,0.001179245283018826,1,Elevated
2018-11-08,-0.029446407538280317,1,Elevated
2018-11-09,-0.0060679611650485965,1,Elevated
2018-11-12,-0.012210012210012167,1,Elevated
2018-11-13,-0.015451174289246028,1,Elevated
2018-11-14,-0.0069052102950407646,1,Elevated
2018-11-15,0.01074589127686476,1,Elevated
2018-11-16,0.0062539086929331855,1,Elevated
2018-11-19,-0.007458048477315127,1,Elevated
2018-11-20,-0.01189730745147155,1,Elevated
2018-11-21,-0.012674271229404344,1,Elevated
2018-11-22,-0.00449293966623876,1,Elevated
2018-11-23,-0.011605415860735047,1,Elevated
2018-11-26,-0.00195694716242667,1,Elevated
2018-11-27,0.0235294117647058,1,Elevated
2018-11-28,-0.0063856960408684715,1,Elevated
2018-11-29,0.008354755784061751,1,Elevated
2018-11-30,0.001274697259400881,1,Elevated
2018-12-03,0.0006365372374284028,1,Elevated
2018-12-04,-0.0025445292620864812,1,Elevated
2018-12-05,-0.029974489795918324,1,Elevated
2018-12-06,-0.013149243918474718,1,Elevated
2018-12-07,0.02931379080612917,1,Elevated
2018-12-10,0.0012944983818770073,1,Elevated
2018-12-11,-0.03943115707821587,2,Normal
2018-12-12,0.08613728129205911,2,Normal
2018-12-13,0.037174721189590976,2,Normal
2018-12-14,-0.005376344086021501,1,Elevated
2018-12-18,0.016898008449004243,1,Elevated
2018-12-19,0.014243323442136413,1,Elevated
2018-12-20,-0.014043300175541229,1,Elevated
2018-12-21,-0.0017804154302670794,1,Elevated
2018-12-24,0.013079667063020217,1,Elevated
2018-12-27,0.028755868544600993,1,Elevated
2018-12-28,0.0062749572162008604,1,Elevated
2018-12-31,0.0011337868480725266,1,Elevated
2019-01-02,-0.001698754246885592,1,Elevated
2019-01-03,-0.001701644923425949,1,Elevated
2019-01-04,-0.020454545454545503,1,Elevated
2019-01-07,0.012761020881670637,1,Elevated
2019-01-08,-0.009163802978235935,1,Elevated
2019-01-09,-0.012138728323699444,1,Elevated
2019-01-10,0.0005851375073142595,1,Elevated
2019-01-11,-0.007017543859649145,1,Elevated
2019-01-14,-0.011778563015312105,1,Elevated
2019-01-15,-0.007151370679380209,1,Elevated
2019-01-16,0.012605042016806678,1,Elevated
2019-01-17,-0.001778304682868992,1,Elevated
2019-01-18,-0.0077197149643705165,1,Elevated
2019-01-21,-0.0017953321364452268,1,Elevated
2019-01-22,-0.020983213429256575,1,Elevated
2019-01-23,-0.006123698714023296,1,Elevated
2019-01-24,0.006161429451632783,1,Elevated
2019-01-25,-0.019595835884874457,1,Elevated
2019-01-28,0.0037476577139288203,1,Elevated
2019-01-29,-0.010578718108276264,1,Elevated
2019-01-30,-0.005031446540880502,1,Elevated
2019-01-31,-0.006953223767383054,1,Elevated
2019-02-01,0.012730744748567835,1,Elevated
2019-02-04,0.026398491514770583,1,Elevated
2019-02-05,0.0232700551132885,1,Elevated
2019-02-06,0.02214242968282476,1,Elevated
2019-02-07,-0.005854800936768156,1,Elevated
2019-02-08,-0.007067137809187329,1,Elevated
2019-02-11,0.019572953736654908,1,Elevated
2019-02-12,-0.006399069226294407,1,Elevated
2019-02-13,0.003512880562060783,1,Elevated
2019-02-14,0.002333722287047868,1,Elevated
2019-02-15,0.024447031431897637,1,Elevated
2019-02-18,0.010227272727272751,1,Elevated
2019-02-19,-0.009561304836895435,1,Elevated
2019-02-20,-0.006814310051107331,1,Elevated
2019-02-21,-0.009148084619782781,1,Elevated
2019-02-22,0.006347374495095259,1,Elevated
2019-02-25,-0.016055045871559592,1,Elevated
2019-02-26,-0.004079254079254024,1,Elevated
2019-02-27,0.021650087770626048,1,Elevated
2019-02-28,-0.03608247422680411,2,Normal
2019-03-01,-0.006535947712418277,2,Normal
2019-03-04,-0.028110047846889974,2,Normal
2019-03-05,0.002461538461538515,2,Normal
2019-03-06,0.04051565377532218,2,Normal
2019-03-07,-0.02595870206489681,2,Normal
2019-03-08,0.012113870381586844,1,Elevated
2019-03-11,-0.0029922202274087484,1,Elevated
2019-03-12,0.010804321728691502,1,Elevated
2019-03-13,-0.004156769596199483,1,Elevated
2019-03-14,0.0023852116875373586,1,Elevated
2019-03-15,-0.01487209994051164,1,Elevated
2019-03-19,-0.00241837968561065,1,Elevated
2019-03-20,-0.021818181818181848,1,Elevated
2019-03-21,0.0037174721189590088,1,Elevated
2019-03-22,0.004938271604938205,1,Elevated
2019-03-25,0.030098280098280084,1,Elevated
2019-03-26,0.005963029218843063,1,Elevated
2019-03-27,0.002371072910491989,1,Elevated
2019-03-28,0.011235955056179803,1,Elevated
2019-03-29,0.010526315789473717,1,Elevated
2019-04-01,0.012152777777777679,1,Elevated
2019-04-02,0.012006861063464935,1,Elevated
2019-04-03,0.005649717514124353,1,Elevated
2019-04-04,0.015168539325842723,1,Elevated
2019-04-05,0.0016602102933038765,1,Elevated
2019-04-08,-0.008287292817679592,1,Elevated
2019-04-09,0.005013927576601684,1,Elevated
2019-04-10,0.003325942350332678,1,Elevated
2019-04-11,-0.0005524861878453136,1,Elevated
2019-04-12,-0.025428413488114976,1,Elevated
2019-04-15,-0.010777084515031232,1,Elevated
2019-04-16,-0.0051605504587155515,1,Elevated
2019-04-17,0.02766570605187324,2,Normal
2019-04-18,0.042624789680314024,2,Normal
2019-04-23,-0.06885422270037656,2,Normal
2019-04-24,-0.01444251877527436,1,Elevated
2019-04-25,0.016998827667057403,1,Elevated
2019-04-26,0.016138328530259427,1,Elevated
2019-04-29,0.01871809415768566,1,Elevated
2019-04-30,0.0016703786191536452,1,Elevated
2019-05-01,-0.015008337965536356,1,Elevated
2019-05-02,0.0146726862302482,1,Elevated
2019-05-03,-0.01835372636262511,1,Elevated
2019-05-07,-0.01643059490084986,1,Elevated
2019-05-08,-0.009792626728110654,1,Elevated
2019-05-09,0.0011634671320535084,1,Elevated
2019-05-10,-0.00639163277164434,1,Elevated
2019-05-13,-0.004678362573099393,1,Elevated
2019-05-14,-0.01292596944770863,1,Elevated
2019-05-15,0.010119047619047583,1,Elevated
2019-05-17,-0.008032128514056214,1,Elevated
2019-05-20,0.00809716599190291,1,Elevated
2019-05-21,0.016064257028112428,1,Elevated
2019-05-22,-0.005646527385657851,1,Elevated
2019-05-23,0.006814310051107331,1,Elevated
2019-05-24,0.009024252679074918,1,Elevated
2019-05-28,-0.0022358859698154987,1,Elevated
2019-05-29,-0.0011204481792717047,1,Elevated
2019-05-30,0.007291082445316954,1,Elevated
2019-05-31,-0.006124721603563477,1,Elevated
2019-06-03,-0.01904761904761909,1,Elevated
2019-06-04,0.010279840091376391,1,Elevated
2019-06-05,0.00621820237422277,1,Elevated
2019-06-06,0.0011235955056179137,1,Elevated
2019-06-07,0.008978675645342271,1,Elevated
2019-06-10,0.018909899888765347,1,Elevated
2019-06-11,0.0021834061135370675,1,Elevated
2019-06-12,0.0092592592592593,1,Elevated
2019-06-13,-0.00917431192660545,1,Elevated
2019-06-14,-0.002723311546840912,1,Elevated
2019-06-17,0.004915346805024479,1,Elevated
2019-06-18,0.005434782608695565,1,Elevated
2019-06-19,0.00216216216216214,1,Elevated
2019-06-20,-0.02265372168284785,1,Elevated
2019-06-21,0.017660044150110465,1,Elevated
2019-06-24,-0.006507592190889366,1,Elevated
2019-06-25,-0.0065502183406113135,1,Elevated
2019-06-26,0.0038461538461538325,1,Elevated
2019-06-27,-0.003284072249589487,1,Elevated
2019-06-28,-0.00878638110928065,1,Elevated
2019-07-01,0.02160664819944591,1,Elevated
2019-07-02,-0.00813449023861168,1,Elevated
2019-07-03,-0.010934937124111532,1,Elevated
2019-07-04,0.021558872305140975,1,Elevated
2019-07-05,-0.004870129870129913,1,Elevated
2019-07-08,0.05220228384991854,2,Normal
2019-07-09,-0.0196382428940568,1,Elevated
2019-07-10,-0.011070110701106972,1,Elevated
2019-07-11,-0.011727078891258014,1,Elevated
2019-07-12,0.009169363538295672,1,Elevated
2019-07-15,-0.026723677177979743,1,Elevated
2019-07-17,0.0005449591280652921,1,Elevated
2019-07-18,-0.0016339869281045694,1,Elevated
2019-07-19,0.0016366612111293755,1,Elevated
2019-07-22,0.016339869281045694,1,Elevated
2019-07-23,-0.006966773847802754,1,Elevated
2019-07-24,-0.005936319481921193,1,Elevated
2019-07-25,0.0005428881650380024,1,Elevated
2019-07-26,-0.009766684753119925,1,Elevated
2019-07-29,0.008767123287671152,1,Elevated
2019-07-30,0.0032590983161324694,1,Elevated
2019-07-31,-0.011911207363291876,1,Elevated
2019-08-01,-0.0010958904109589218,1,Elevated
2019-08-02,-0.0005485463521667233,1,Elevated
2019-08-05,-0.017014270032930878,1,Elevated
2019-08-06,-0.016192071468453362,1,Elevated
2019-08-07,-0.01362088535754824,1,Elevated
2019-08-08,-0.005753739930955071,1,Elevated
2019-08-09,-0.0011574074074074403,1,Elevated
2019-08-12,-0.004055619930475096,1,Elevated
2019-08-13,-0.02036067481093662,1,Elevated
2019-08-14,-0.009501187648456089,1,Elevated
2019-08-15,-0.013189448441247031,1,Elevated
2019-08-16,-0.010328068043742422,1,Elevated
2019-08-19,0.0042971147943524635,1,Elevated
2019-08-20,-0.00672371638141811,1,Elevated
2019-08-21,0.017846153846153845,1,Elevated
2019-08-22,-0.0030229746070132846,1,Elevated
2019-08-23,-0.0012128562765312267,1,Elevated
2019-08-27,-0.0018214936247723523,1,Elevated
2019-08-28,-0.0018248175182481452,1,Elevated
2019-08-29,-0.014015843997562505,1,Elevated
2019-08-30,0.013597033374536549,1,Elevated
2019-09-02,0.007317073170731714,1,Elevated
2019-09-03,0.013317191283293006,1,Elevated
2019-09-04,0.009557945041815952,1,Elevated
2019-09-05,-0.017159763313609466,1,Elevated
2019-09-06,0.0018061408789886713,1,Elevated
2019-09-09,-0.006009615384615419,1,Elevated
2019-09-10,-0.015114873035066534,1,Elevated
2019-09-11,-0.009821976672805377,1,Elevated
2019-09-12,0.013019218846869185,1,Elevated
2019-09-13,0.038555691554467586,1,Elevated
2019-09-17,0.0016474464579900872,1,Elevated
2019-09-18,0.007675438596491224,1,Elevated
2019-09-19,0.0190424374319913,1,Elevated
2019-09-20,0.0016017084890549427,1,Elevated
2019-09-23,0.0026652452025586193,1,Elevated
2019-09-24,-0.006379585326953707,1,Elevated
2019-09-25,0.02621722846441954,1,Elevated
2019-09-26,0.01355578727841511,1,Elevated
2019-09-27,-0.002057613168724326,1,Elevated
2019-09-30,-0.011855670103092741,1,Elevated
2019-10-01,0.0010432968179447943,1,Elevated
2019-10-02,0.007295466388744121,1,Elevated
2019-10-03,0.01810657009829275,1,Elevated
2019-10-04,-0.0060975609756097615,1,Elevated
2019-10-07,-0.017382413087934534,1,Elevated
2019-10-08,0.008324661810613865,1,Elevated
2019-10-09,-0.011351909184726505,1,Elevated
2019-10-10,0.013569937369519725,1,Elevated
2019-10-11,-0.005664263645726031,1,Elevated
2019-10-14,-0.01708959088555151,1,Elevated
2019-10-15,0.018967334035827177,1,Elevated
2019-10-16,-0.006204756980351611,1,Elevated
2019-10-17,-0.006763787721123848,1,Elevated
2019-10-18,-0.0062860136196961625,1,Elevated
2019-10-21,-0.008961518186610395,1,Elevated
2019-10-22,-0.005319148936170248,1,Elevated
2019-10-23,0.012834224598930577,1,Elevated
2019-10-24,0.01742344244984162,1,Elevated
2019-10-25,-0.007265179034769087,1,Elevated
2019-10-28,0.004181913225300482,1,Elevated
2019-10-29,-0.003123373243102523,1,Elevated
2019-10-30,-0.009399477806788514,1,Elevated
2019-10-31,-0.01897733263046919,1,Elevated
2019-11-01,0.01988178398710372,1,Elevated
2019-11-04,0.005268703898840821,1,Elevated
2019-11-05,-0.008385744234800874,1,Elevated
2019-11-06,-0.0021141649048626032,1,Elevated
2019-11-07,-0.0015889830508474256,1,Elevated
2019-11-08,0.021750663129973535,1,Elevated
2019-11-11,0.010384215991692702,1,Elevated
2019-11-12,0.043165467625899234,1,Elevated
2019-11-13,0.011330049261083719,1,Elevated
2019-11-14,0.00146127618119829,1,Elevated
2019-11-15,-0.0009727626459143934,1,Elevated
2019-11-18,-0.006329113924050667,1,Elevated
2019-11-19,-0.002449779519843265,1,Elevated
2019-11-20,-0.0004911591355599709,1,Elevated
2019-11-21,0.005896805896805857,1,Elevated
2019-11-22,0.0,1,Elevated
2019-11-25,0.0009770395701025336,1,Elevated
2019-11-26,0.00341630063445586,1,Elevated
2019-11-27,-0.014591439688715901,1,Elevated
2019-11-28,-0.005923000987166804,1,Elevated
2019-11-29,-0.007447864945382299,1,Elevated
2019-12-02,-0.007503751875937992,1,Elevated
2019-12-03,0.0,1,Elevated
2019-12-04,-0.006048387096774244,1,Elevated
2019-12-05,0.005070993914807254,1,Elevated
2019-12-06,0.010090817356205761,1,Elevated
2019-12-09,-0.005994005994006013,1,Elevated
2019-12-10,-0.008040201005025116,1,Elevated
2019-12-11,-0.0557244174265451,2,Normal
2019-12-12,-0.0032188841201716833,2,Normal
2019-12-13,-0.03390742734122709,2,Normal
2019-12-17,0.008484162895927572,1,Elevated
2019-12-18,-0.001121704991587258,1,Elevated
2019-12-19,-0.015721504772599704,1,Elevated
2019-12-20,-0.0022818026240730704,1,Elevated
2019-12-23,0.010863350485992074,1,Elevated
2019-12-24,-0.002828054298642524,1,Elevated
2019-12-27,0.030629608621667526,1,Elevated
2019-12-30,-0.009906439185470517,1,Elevated
2019-12-31,0.011117287381878782,1,Elevated
2020-01-02,0.010445299615173154,1,Elevated
2020-01-03,-0.004896626768226331,1,Elevated
2020-01-06,-0.021869874248223065,1,Elevated
2020-01-07,0.019005030743432183,1,Elevated
2020-01-08,-0.0060340098738342896,1,Elevated
2020-01-09,0.019867549668874274,1,Elevated
2020-01-10,0.017316017316017396,1,Elevated
2020-01-13,0.010638297872340496,1,Elevated
2020-01-14,0.03421052631578947,1,Elevated
2020-01-15,0.006106870229007688,1,Elevated
2020-01-16,-0.011127971674253945,1,Elevated
2020-01-17,0.02455242966751925,1,Elevated
2020-01-20,-0.001997004493260124,1,Elevated
2020-01-21,0.01400700350175077,1,Elevated
2020-01-22,-0.014306857424765673,1,Elevated
2020-01-23,-0.014514514514514465,1,Elevated
2020-01-24,-0.011681056373793797,1,Elevated
2020-01-27,0.004624871531346386,1,Elevated
2020-01-28,-0.00818414322250638,1,Elevated
2020-01-29,0.0072202166064982976,1,Elevated
2020-01-30,0.019457245263696965,1,Elevated
2020-01-31,-0.018081366147664535,1,Elevated
2020-02-03,-0.010230179028132946,1,Elevated
2020-02-04,-0.0036175710594315014,1,Elevated
2020-02-05,0.02178423236514515,1,Elevated
2020-02-06,0.014720812182741128,1,Elevated
2020-02-07,0.006503251625813,1,Elevated
2020-02-10,-0.001988071570576566,1,Elevated
2020-02-11,0.01344621513944233,1,Elevated
2020-02-12,-0.012776412776412727,1,Elevated
2020-02-13,0.0014932802389249211,1,Elevated
2020-02-14,-0.00497017892644136,1,Elevated
2020-02-17,0.007492507492507405,1,Elevated
2020-02-18,-0.00793257312840856,1,Elevated
2020-02-19,0.012493753123438367,1,Elevated
2020-02-20,0.011352418558736366,1,Elevated
2020-02-21,-0.004392386530014614,1,Elevated
2020-02-24,-0.015686274509803977,1,Elevated
2020-02-25,-0.002490039840637448,1,Elevated
2020-02-26,-0.009985022466300508,1,Elevated
2020-02-27,0.0020171457387796465,1,Elevated
2020-02-28,-0.01610468042274782,1,Elevated
2020-03-02,0.001023017902813228,1,Elevated
2020-03-03,-0.004087889626980035,1,Elevated
2020-03-04,-0.009748589020010301,1,Elevated
2020-03-05,-0.016580310880829008,1,Elevated
2020-03-06,-0.006322444678609096,1,Elevated
2020-03-09,-0.019618239660657455,1,Elevated
2020-03-10,0.020010816657652697,1,Elevated
2020-03-11,0.01855779427359483,1,Elevated
2020-03-12,-0.027069234773555495,1,Elevated
2020-03-13,-0.006955591225254132,1,Elevated
2020-03-17,0.014230979748221184,1,Elevated
2020-03-18,0.0064759848893685135,1,Elevated
2020-03-19,-0.02788203753351204,1,Elevated
2020-03-20,0.010479867622724681,1,Elevated
2020-03-23,0.007641921397379958,1,Elevated
2020-03-24,0.0010834236186347823,1,Elevated
2020-03-25,-0.00649350649350644,1,Elevated
2020-03-26,-0.014705882352941124,1,Elevated
2020-03-27,-0.013266998341625258,1,Elevated
2020-03-30,-0.007843137254901933,1,Elevated
2020-03-31,-0.009599096555618303,1,Elevated
2020-04-01,-0.007981755986317007,1,Elevated
2020-04-02,0.016091954022988464,1,Elevated
2020-04-03,0.027714932126696734,2,Normal
2020-04-06,0.04347826086956519,2,Normal
2020-04-07,0.0052742616033756295,1,Elevated
2020-04-08,-0.009443861490031513,1,Elevated
2020-04-09,-0.013241525423728806,1,Elevated
2020-04-14,-0.026838432635534093,1,Elevated
2020-04-15,-0.020408163265306145,1,Elevated
2020-04-16,0.0005630630630630851,1,Elevated
2020-04-17,0.03432751828925151,1,Elevated
2020-04-20,-0.0021762785636560977,1,Elevated
2020-04-21,0.004362050163576825,1,Elevated
2020-04-22,0.03148751357220414,1,Elevated
2020-04-23,-0.004210526315789442,1,Elevated
2020-04-24,-0.001585623678646897,1,Elevated
2020-04-27,0.0015881418740073538,1,Elevated
2020-04-28,0.0042283298097252064,1,Elevated
2020-04-29,0.013157894736842035,1,Elevated
2020-04-30,0.051948051948051965,2,Normal
2020-05-01,-0.06913580246913575,2,Normal
2020-05-04,0.012732095490716189,1,Elevated
2020-05-05,-0.002619172341540077,1,Elevated
2020-05-06,0.0031512605042016695,1,Elevated
2020-05-07,0.013612565445026092,1,Elevated
2020-05-11,0.023243801652892637,1,Elevated
2020-05-12,-0.029782937910146412,1,Elevated
2020-05-13,0.024973985431841816,1,Elevated
2020-05-14,-0.006091370558375608,1,Elevated
2020-05-15,0.004596527068437162,1,Elevated
2020-05-19,0.008192524321556593,1,Elevated
2020-05-20,-0.005586592178770999,1,Elevated
2020-05-21,-0.006639427987742641,1,Elevated
2020-05-22,0.01953727506426728,1,Elevated
2020-05-26,-0.020171457387796243,1,Elevated
2020-05-27,-0.008749356664951136,1,Elevated
2020-05-28,0.019210799584631344,1,Elevated
2020-05-29,-0.0015282730514518672,1,Elevated
2020-06-01,-0.001530612244897922,1,Elevated
2020-06-02,-0.03014818599897806,1,Elevated
2020-06-03,0.007903055848261342,1,Elevated
2020-06-04,-0.009409304756926251,1,Elevated
2020-06-05,-0.014775725593667577,1,Elevated
2020-06-08,-0.009641135511515797,1,Elevated
2020-06-09,0.016765819361817202,1,Elevated
2020-06-10,-0.006382978723404209,1,Elevated
2020-06-11,-0.014453961456102782,1,Elevated
2020-06-12,0.019011406844106515,1,Elevated
2020-06-15,-0.019189765458422214,1,Elevated
2020-06-16,0.0027173913043478937,1,Elevated
2020-06-17,-0.09376693766937672,2,Normal
2020-06-18,0.01674641148325362,1,Elevated
2020-06-19,-0.00588235294117645,1,Elevated
2020-06-22,0.00591715976331364,1,Elevated
2020-06-23,-0.003529411764705892,1,Elevated
2020-06-24,0.008264462809917328,1,Elevated
2020-06-25,0.032786885245901676,2,Normal
2020-06-26,-0.04308390022675734,2,Normal
2020-06-29,-0.0035545023696682554,2,Normal
2020-06-30,-0.03507728894173601,2,Normal
2020-07-01,-0.0135551447935921,1,Elevated
2020-07-02,0.00936914428482205,1,Elevated
2020-07-03,-0.019183168316831645,1,Elevated
2020-07-06,0.003154574132492094,1,Elevated
2020-07-07,-0.004402515723270439,1,Elevated
2020-07-08,-0.020846493998736615,1,Elevated
2020-07-09,0.00838709677419347,1,Elevated
2020-07-10,0.009596928982725572,1,Elevated
2020-07-13,-0.0038022813688213253,1,Elevated
2020-07-14,-0.006997455470737934,1,Elevated
2020-07-15,-0.017296604740550947,1,Elevated
2020-07-17,0.005191434133679396,1,Elevated
2020-07-20,0.008392511297611316,1,Elevated
2020-07-21,-0.016645326504481472,1,Elevated
2020-07-22,0.0032552083333332593,1,Elevated
2020-07-23,0.002595717066839809,1,Elevated
2020-07-24,0.0006472491909386147,1,Elevated
2020-07-27,0.008408796895213344,1,Elevated
2020-07-28,0.0019243104554200752,1,Elevated
2020-07-29,0.0294494238156211,1,Elevated
2020-07-30,-0.00497512437810943,1,Elevated
2020-07-31,0.013125000000000053,1,Elevated
2020-08-03,0.03269586674892033,1,Elevated
2020-08-04,-0.0035842293906810374,1,Elevated
2020-08-05,0.0053956834532373765,1,Elevated
2020-08-06,0.0065593321407275695,1,Elevated
2020-08-07,0.010663507109004655,1,Elevated
2020-08-10,0.0011723329425556983,1,Elevated
2020-08-11,-0.01756440281030447,1,Elevated
2020-08-12,0.008343265792610355,1,Elevated
2020-08-13,0.0011820330969267712,1,Elevated
2020-08-14,-0.0005903187721369996,1,Elevated
2020-08-17,-0.015357353809805074,1,Elevated
2020-08-18,-0.01139772045590881,1,Elevated
2020-08-19,-0.00182038834951459,1,Elevated
2020-08-20,-0.011550151975683876,1,Elevated
2020-08-21,0.006765067650676526,1,Elevated
2020-08-24,0.028711056811240088,1,Elevated
2020-08-25,0.0071258907363420665,1,Elevated
2020-08-26,-0.022995283018867885,1,Elevated
2020-08-27,0.0205190102595052,1,Elevated
2020-08-28,0.022471910112359605,1,Elevated
2020-09-01,0.015037593984962516,1,Elevated
2020-09-02,0.018233618233618243,1,Elevated
2020-09-03,0.0,1,Elevated
2020-09-04,-0.00615556799104644,1,Elevated
2020-09-07,-0.010135135135135087,1,Elevated
2020-09-08,-0.006257110352673512,1,Elevated
2020-09-09,-0.0011448196908986352,1,Elevated
2020-09-10,0.0034383954154728613,1,Elevated
2020-09-11,0.010850942318675116,1,Elevated
2020-09-14,-0.019209039548022555,1,Elevated
2020-09-15,-0.016705069124423932,1,Elevated
2020-09-17,0.007600434310532034,1,Elevated
2020-09-18,0.007543103448275801,1,Elevated
2020-09-21,0.010160427807486716,1,Elevated
2020-09-22,-0.017998941238750676,1,Elevated
2020-09-23,0.006469002695417725,1,Elevated
2020-09-24,0.012854847348687803,1,Elevated
2020-09-25,-0.012691697514542577,1,Elevated
2020-09-28,-0.008569898232458462,1,Elevated
2020-09-29,-0.00972447325769854,1,Elevated
2020-09-30,-0.02018548827059463,1,Elevated
2020-10-01,-0.013363028953229383,1,Elevated
2020-10-02,-0.02200902934537241,1,Elevated
2020-10-05,-0.004616272360069229,1,Elevated
2020-10-06,-0.01565217391304352,1,Elevated
2020-10-07,0.007067137809187329,1,Elevated
2020-10-08,0.0011695906432749315,1,Elevated
2020-10-09,-0.013434579439252303,1,Elevated
2020-10-12,-0.009473060982830073,1,Elevated
2020-10-13,-0.017931858936042988,1,Elevated
2020-10-14,-0.004260499087035963,1,Elevated
2020-10-15,-0.0024449877750610804,1,Elevated
2020-10-16,0.004289215686274606,1,Elevated
2020-10-19,0.018303843807199405,1,Elevated
2020-10-20,-0.0149790293588975,1,Elevated
2020-10-21,0.008515815085158085,1,Elevated
2020-10-22,0.018094089264173663,1,Elevated
2020-10-23,0.004146919431279539,1,Elevated
2020-10-26,0.005899705014749346,1,Elevated
2020-10-27,-0.015835777126099737,1,Elevated
2020-10-28,-0.026221692491060766,1,Elevated
2020-10-29,-0.00795593635250913,1,Elevated
2020-10-30,-0.009870450339296677,1,Elevated
2020-11-02,-0.016199376947040545,1,Elevated
2020-11-03,0.00949968334388851,1,Elevated
2020-11-04,-0.0012547051442910462,1,Elevated
2020-11-05,0.005653266331658191,1,Elevated
2020-11-06,-0.0031230480949406836,1,Elevated
2020-11-09,0.018170426065162948,1,Elevated
2020-11-10,-0.016615384615384587,1,Elevated
2020-11-11,0.0006257822277846437,1,Elevated
2020-11-12,-0.001250781738586615,1,Elevated
2020-11-13,-0.003130870381966133,1,Elevated
2020-11-16,0.04208542713567831,2,Normal
2020-11-17,0.03435804701627476,2,Normal
2020-11-18,0.015151515151515138,1,Elevated
2020-11-19,0.01664753157290466,1,Elevated
2020-11-20,0.010728402032749829,1,Elevated
2020-11-23,0.025698324022346286,1,Elevated
2020-11-24,0.02777777777777768,1,Elevated
2020-11-25,-0.02384737678855331,1,Elevated
2020-11-26,0.014657980456026065,1,Elevated
2020-11-27,0.0037453183520599342,1,Elevated
2020-11-30,-0.01972281449893387,1,Elevated
2020-12-01,-0.009787928221859699,1,Elevated
2020-12-02,-0.04228445908841294,1,Elevated
2020-12-03,-0.01089449541284404,1,Elevated
2020-12-04,-0.004637681159420315,1,Elevated
2020-12-07,0.0029120559114734768,1,Elevated
2020-12-08,-0.019163763066202044,1,Elevated
2020-12-09,-0.01598579040852577,1,Elevated
2020-12-10,-0.019253910950661868,1,Elevated
2020-12-11,0.02515337423312891,2,Normal
2020-12-14,0.04548174745661271,2,Normal
2020-12-15,-0.018889524899828314,1,Elevated
2020-12-17,0.002962085308056972,1,Elevated
2020-12-18,-0.004725339633786185,1,Elevated
2020-12-21,0.019584569732937762,1,Elevated
2020-12-22,-0.006402793946449381,1,Elevated
2020-12-23,0.0011716461628588082,1,Elevated
2020-12-24,-0.010532475131655894,1,Elevated
2020-12-29,-0.010053222945002993,1,Elevated
2020-12-30,0.037634408602150504,1,Elevated
2020-12-31,0.0,1,Elevated
2021-01-04,-0.008635578583765069,1,Elevated
2021-01-05,-0.017421602787456414,1,Elevated
2021-01-06,-0.01004728132387711,1,Elevated
2021-01-07,0.017910447761193993,1,Elevated
2021-01-08,-0.011143695014662724,1,Elevated
2021-01-11,-0.004151838671411667,1,Elevated
2021-01-12,0.008933889219773672,1,Elevated
2021-01-13,0.005312868949232552,1,Elevated
2021-01-14,-0.004697592483852042,1,Elevated
2021-01-15,0.023008849557522026,1,Elevated
2021-01-18,0.01211072664359869,1,Elevated
2021-01-19,0.007407407407407307,1,Elevated
2021-01-20,-0.0033936651583710287,1,Elevated
2021-01-21,-0.011918274687854669,1,Elevated
2021-01-22,-0.004595060310166543,1,Elevated
2021-01-25,-0.007501442585112539,1,Elevated
2021-01-26,0.0029069767441860517,1,Elevated
2021-01-27,-0.0028985507246376274,1,Elevated
2021-01-28,0.0005813953488371659,1,Elevated
2021-01-29,0.004067402672864651,1,Elevated
2021-02-01,0.0063657407407407,1,Elevated
2021-02-02,0.013801035077630752,1,Elevated
2021-02-03,-0.023255813953488413,1,Elevated
2021-02-04,0.0034843205574912606,1,Elevated
2021-02-05,0.00810185185185186,1,Elevated
2021-02-08,-0.001722158438576371,1,Elevated
2021-02-09,0.008625646923519303,1,Elevated
2021-02-10,-0.04846066134549598,2,Normal
2021-02-11,-0.007789095266626744,1,Elevated
2021-02-12,-0.004227053140096637,1,Elevated
2021-02-15,0.007883565797452974,1,Elevated
2021-02-16,-0.010228640192539107,1,Elevated
2021-02-17,-0.007294832826747699,1,Elevated
2021-02-18,0.0,1,Elevated
2021-02-19,0.016533986527862865,1,Elevated
2021-02-22,0.02168674698795181,1,Elevated
2021-02-23,0.000589622641509413,1,Elevated
2021-02-24,0.008249852681202041,1,Elevated
2021-02-25,0.02220923436586797,1,Elevated
2021-02-26,0.010863350485992074,1,Elevated
2021-03-01,0.015837104072398134,1,Elevated
2021-03-02,0.0027839643652560753,1,Elevated
2021-03-03,0.007773459189339249,1,Elevated
2021-03-04,-0.0049586776859503745,1,Elevated
2021-03-05,-0.015503875968992276,1,Elevated
2021-03-08,-0.008998875140607376,1,Elevated
2021-03-09,-0.005107832009080604,1,Elevated
2021-03-10,0.003993154592127679,1,Elevated
2021-03-11,0.009659090909091006,1,Elevated
2021-03-12,-0.0045019696117051256,1,Elevated
2021-03-15,-0.009609949123798756,1,Elevated
2021-03-17,-0.0005757052389177009,1,Elevated
2021-03-18,0.009216589861751112,1,Elevated
2021-03-19,-0.0091324200913242,1,Elevated
2021-03-22,-0.004608294930875556,1,Elevated
2021-03-23,-0.00810185185185186,1,Elevated
2021-03-24,0.007001166861143604,1,Elevated
2021-03-25,0.008690614136732222,1,Elevated
2021-03-26,-0.001723147616312426,1,Elevated
2021-03-29,-0.0023014959723820505,1,Elevated
2021-03-30,-0.024798154555940033,1,Elevated
2021-03-31,0.0011827321111768097,1,Elevated
2021-04-01,0.011813349084465408,1,Elevated
2021-04-06,-0.0064214827787507645,1,Elevated
2021-04-07,-0.005287896592244379,1,Elevated
2021-04-08,-0.03071470761961015,1,Elevated
2021-04-09,-0.026203534430225495,1,Elevated
2021-04-12,-0.01126408010012514,1,Elevated
2021-04-13,0.020886075949366978,1,Elevated
2021-04-14,-0.004339739615623062,1,Elevated
2021-04-15,0.014943960149439661,1,Elevated
2021-04-16,0.0006134969325153339,1,Elevated
2021-04-19,0.002452483139178341,1,Elevated
2021-04-20,-0.012844036697247652,1,Elevated
2021-04-21,0.014250309789343163,1,Elevated
2021-04-22,0.006108735491753281,1,Elevated
2021-04-23,0.0,1,Elevated
2021-04-26,0.004250151791135304,1,Elevated
2021-04-27,-0.0030229746070132846,1,Elevated
2021-04-28,-0.0012128562765312267,1,Elevated
2021-04-29,0.004250151791135304,1,Elevated
2021-04-30,-0.047158403869407506,2,Normal
2021-05-04,0.0012690355329949554,1,Elevated
2021-05-05,0.013307984790874583,1,Elevated
2021-05-06,0.008130081300812941,1,Elevated
2021-05-07,0.020471464019851116,1,Elevated
2021-05-10,0.013373860182370745,1,Elevated
2021-05-11,-0.008998200359928044,1,Elevated
2021-05-12,0.02784503631961255,1,Elevated
2021-05-13,0.004711425206124886,1,Elevated
2021-05-14,-0.009964830011723325,1,Elevated
2021-05-18,-0.014026884862653466,1,Elevated
2021-05-19,-0.021339656194428014,1,Elevated
2021-05-20,-0.011508176862507602,1,Elevated
2021-05-21,0.001225490196078427,1,Elevated
2021-05-24,-0.002447980416156681,1,Elevated
2021-05-25,-0.0036809815950920033,1,Elevated
2021-05-26,0.008620689655172376,1,Elevated
2021-05-27,-0.015262515262515208,1,Elevated
2021-05-28,0.002479851208927464,1,Elevated
2021-06-01,0.0037105751391466324,1,Elevated
2021-06-02,-0.008626001232285851,1,Elevated
2021-06-03,0.003107520198881275,1,Elevated
2021-06-04,0.0012391573729864103,1,Elevated
2021-06-07,-0.01423267326732669,1,Elevated
2021-06-08,0.0012554927809165228,1,Elevated
2021-06-09,-0.0018808777429467627,1,Elevated
2021-06-10,0.010678391959799027,1,Elevated
2021-06-11,-0.0024860161591050423,1,Elevated
2021-06-14,0.008099688473520272,1,Elevated
2021-06-15,-0.0030902348578492056,1,Elevated
2021-06-16,-0.0061996280223186595,1,Elevated
2021-06-17,0.015595757953836609,1,Elevated
2021-06-18,0.0,1,Elevated
2021-06-21,-0.004914004914004955,1,Elevated
2021-06-22,0.006172839506172867,1,Elevated
2021-06-23,-0.009202453987730008,1,Elevated
2021-06-24,-0.006191950464396245,1,Elevated
2021-06-25,0.008099688473520272,1,Elevated
2021-06-28,-0.0024721878862793423,1,Elevated
2021-06-29,0.006195786864931829,1,Elevated
2021-06-30,0.006157635467980205,1,Elevated
2021-07-01,-0.01040391676866581,1,Elevated
2021-07-02,-0.005565862708719838,1,Elevated
2021-07-05,0.011815920398009938,1,Elevated
2021-07-06,-0.014751075599262475,1,Elevated
2021-07-07,-0.006238303181534621,1,Elevated
2021-07-08,-0.005649717514124242,1,Elevated
2021-07-09,0.016414141414141437,1,Elevated
2021-07-12,0.024844720496894457,1,Elevated
2021-07-13,-0.00303030303030305,1,Elevated
2021-07-14,-0.006686930091185372,1,Elevated
2021-07-15,-0.01835985312117505,1,Elevated
2021-07-19,-0.021356783919597944,1,Elevated
2021-07-20,0.0006418485237484894,1,Elevated
2021-07-21,0.007055805003207238,1,Elevated
2021-07-22,0.005732484076433231,1,Elevated
2021-07-23,0.007599746675110763,1,Elevated
2021-07-26,0.026398491514770583,1,Elevated
2021-07-27,0.003674219228414044,1,Elevated
2021-07-28,0.007931665649786535,1,Elevated
2021-07-29,-0.005447941888619856,1,Elevated
2021-07-30,-0.01582471089470483,1,Elevated
2021-08-02,-0.0006184291898577721,1,Elevated
2021-08-03,0.01980198019801982,1,Elevated
2021-08-04,-0.0060679611650485965,1,Elevated
2021-08-05,-0.0006105006105006083,1,Elevated
2021-08-06,0.014050091631032435,1,Elevated
2021-08-09,0.004819277108433662,1,Elevated
2021-08-10,0.012589928057553879,1,Elevated
2021-08-11,0.003552397868561208,1,Elevated
2021-08-12,-0.00471976401179941,1,Elevated
2021-08-13,0.009484291641967957,1,Elevated
2021-08-16,0.004110393423370606,1,Elevated
2021-08-17,0.010526315789473717,1,Elevated
2021-08-18,0.0,1,Elevated
2021-08-19,0.0005787037037037202,1,Elevated
2021-08-20,-0.001735106998264846,1,Elevated
2021-08-23,-0.004055619930475096,1,Elevated
2021-08-24,0.003490401396160525,1,Elevated
2021-08-25,0.007536231884057942,1,Elevated
2021-08-26,0.004027617951668505,1,Elevated
2021-08-27,-0.007449856733524385,1,Elevated
2021-08-31,-0.007505773672055405,1,Elevated
2021-09-01,0.01105293775450833,1,Elevated
2021-09-02,0.026467203682393636,1,Elevated
2021-09-03,-0.010089686098654682,1,Elevated
2021-09-06,0.001698754246885592,1,Elevated
2021-09-07,0.009609949123798867,1,Elevated
2021-09-08,-0.007838745800671898,1,Elevated
2021-09-09,-0.0011286681715575453,1,Elevated
2021-09-10,-0.02203389830508473,1,Elevated
2021-09-13,0.004043905257076874,1,Elevated
2021-09-14,0.008630609896432606,1,Elevated
2021-09-15,0.01825442099258412,1,Elevated
2021-09-17,0.004405286343612369,1,Elevated
2021-09-20,-0.01206140350877194,1,Elevated
2021-09-21,0.007769145394006749,1,Elevated
2021-09-22,0.012114537444933848,1,Elevated
2021-09-23,-0.013601741022850944,1,Elevated
2021-09-24,-0.013237727523441767,1,Elevated
2021-09-27,-0.01285634432643934,1,Elevated
2021-09-28,0.015855039637599155,1,Elevated
2021-09-29,0.025083612040133874,1,Elevated
2021-09-30,0.01903208265361611,1,Elevated
2021-10-01,0.0048025613660618305,1,Elevated
2021-10-04,0.0074349442379182396,1,Elevated
2021-10-05,-0.005271481286241442,1,Elevated
2021-10-06,-0.01377848436671969,1,Elevated
2021-10-07,0.0010746910263299547,1,Elevated
2021-10-08,0.012345679012345734,1,Elevated
2021-10-11,-0.01378579003181335,1,Elevated
2021-10-12,-0.0021505376344086446,1,Elevated
2021-10-13,-0.019935344827586188,1,Elevated
2021-10-14,-0.002748763056624526,1,Elevated
2021-10-15,-0.002756339581036382,1,Elevated
2021-10-18,0.0,1,Elevated
2021-10-19,-0.018242122719734688,1,Elevated
2021-10-20,-0.019144144144144115,1,Elevated
2021-10-21,0.006314580941446657,1,Elevated
2021-10-22,0.0005704506560182399,1,Elevated
2021-10-25,0.0005701254275940482,1,Elevated
2021-10-26,-0.0039886039886040114,1,Elevated
2021-10-27,-0.008581235697940448,1,Elevated
2021-10-28,-0.008078476630121179,1,Elevated
2021-10-29,-0.014543339150668966,1,Elevated
2021-11-01,-0.0047225501770956635,1,Elevated
2021-11-02,-0.01720047449584816,1,Elevated
2021-11-03,0.0006035003017501595,1,Elevated
2021-11-04,0.004825090470446325,1,Elevated
2021-11-05,-0.006602641056422609,1,Elevated
2021-11-08,-0.009063444108761365,1,Elevated
2021-11-09,0.0018292682926828174,1,Elevated
2021-11-10,0.02130249543517948,1,Elevated
2021-11-11,0.007151370679380209,1,Elevated
2021-11-12,-0.009467455621301801,1,Elevated
2021-11-15,0.0035842293906809264,1,Elevated
2021-11-16,-0.006547619047619024,1,Elevated
2021-11-17,0.002396644697423511,1,Elevated
2021-11-18,0.00896592946802155,1,Elevated
2021-11-19,-0.0017772511848340722,1,Elevated
2021-11-22,0.010089020771513413,1,Elevated
2021-11-23,0.006462984723854204,1,Elevated
2021-11-24,-0.018680677174547577,1,Elevated
2021-11-25,0.0,1,Elevated
2021-11-26,-0.0327186198691255,1,Elevated
2021-11-29,-0.005535055350553542,1,Elevated
2021-11-30,-0.011750154607297447,1,Elevated
2021-12-01,-0.01126408010012514,1,Elevated
2021-12-02,0.015822784810126667,1,Elevated
2021-12-03,-0.0024922118380061864,1,Elevated
2021-12-06,-0.02435977514053711,2,Normal
2021-12-07,0.03137003841229191,2,Normal
2021-12-08,-0.027932960893854775,2,Normal
2021-12-09,-0.012132822477650018,2,Normal
2021-12-10,-0.023270846800258593,2,Normal
2021-12-13,0.0397088021178027,2,Normal
2021-12-14,0.024824952259707267,2,Normal
2021-12-20,-0.020539906103286376,1,Elevated
2021-12-21,0.012582384661473878,1,Elevated
2021-12-22,-0.004733727810650845,1,Elevated
2021-12-23,-0.0011890606420927874,1,Elevated
2021-12-24,0.0,1,Elevated
2021-12-27,0.0,1,Elevated
2021-12-28,0.0005952380952380931,1,Elevated
2021-12-29,0.010707911957168248,1,Elevated
2021-12-30,0.0064743967039435635,1,Elevated
2021-12-31,-0.0052631578947368585,1,Elevated
2022-01-03,0.0,1,Elevated
2022-01-04,-0.01940035273368612,1,Elevated
2022-01-05,0.004796163069544335,1,Elevated
2022-01-06,-0.013723150357995206,1,Elevated
2022-01-07,0.03145795523290995,1,Elevated
2022-01-10,-0.004105571847507372,1,Elevated
2022-01-11,0.011778563015312216,1,Elevated
2022-01-12,-0.006402793946449381,1,Elevated
2022-01-13,0.015231400117164506,1,Elevated
2022-01-14,0.023081361800346256,1,Elevated
2022-01-17,0.0033840947546530664,1,Elevated
2022-01-18,-0.005621135469364824,1,Elevated
2022-01-19,-0.002826455624646673,1,Elevated
2022-01-20,-0.003401360544217691,1,Elevated
2022-01-21,-0.011945392491467532,1,Elevated
2022-01-24,-0.022452504317789335,1,Elevated
2022-01-25,-0.0041224970553592755,1,Elevated
2022-01-26,0.007096392667060858,1,Elevated
2022-01-27,-0.01350557839107458,1,Elevated
2022-01-28,0.00952380952380949,1,Elevated
2022-01-31,0.004127358490566113,1,Elevated
2022-02-01,0.024662360540223194,1,Elevated
2022-02-02,0.002292263610315093,1,Elevated
2022-02-03,0.002858776443682043,1,Elevated
2022-02-04,0.007981755986316896,1,Elevated
2022-02-07,-0.012443438914027105,1,Elevated
2022-02-08,0.0074455899198166975,1,Elevated
2022-02-09,0.02046617396247874,1,Elevated
2022-02-10,0.006685236768802172,1,Elevated
2022-02-11,-0.004980630879911407,1,Elevated
2022-02-14,-0.02280311457174633,1,Elevated
2022-02-15,0.02959590210586227,1,Elevated
2022-02-16,-0.023770038695411833,1,Elevated
2022-02-17,-0.014722536806342057,1,Elevated
2022-02-18,-0.0045977011494252595,1,Elevated
2022-02-21,-0.011547344110854452,1,Elevated
2022-02-22,0.007009345794392496,1,Elevated
2022-02-23,0.016241299303944245,1,Elevated
2022-02-24,-0.010273972602739767,1,Elevated
2022-02-25,-0.0028835063437139263,1,Elevated
2022-02-28,-0.050318102949681864,2,Normal
2022-03-01,0.024969549330085217,2,Normal
2022-03-02,0.007130124777183555,1,Elevated
2022-03-03,0.003539823008849474,1,Elevated
2022-03-04,0.024691358024691468,1,Elevated
2022-03-07,0.008605851979345935,1,Elevated
2022-03-08,0.005688282138794021,1,Elevated
2022-03-09,0.0033936651583710287,1,Elevated
2022-03-10,0.016910935738444266,1,Elevated
2022-03-11,-0.008869179600886956,1,Elevated
2022-03-14,-0.002796420581655523,1,Elevated
2022-03-15,-0.033090297251822776,1,Elevated
2022-03-17,-0.013403263403263366,1,Elevated
2022-03-18,0.011813349084465408,1,Elevated
2022-03-21,-0.015178050204319948,1,Elevated
2022-03-22,0.020746887966804906,1,Elevated
2022-03-23,0.019744483159117365,1,Elevated
2022-03-24,-0.009681093394077411,1,Elevated
2022-03-25,-0.009200690051753835,1,Elevated
2022-03-28,0.015089959373186357,1,Elevated
2022-03-29,0.012578616352201255,1,Elevated
2022-03-30,0.000564652738565874,1,Elevated
2022-03-31,-0.0016930022573363734,1,Elevated
2022-04-01,-0.011305822498586804,1,Elevated
2022-04-04,-0.007432818753573489,1,Elevated
2022-04-05,-0.009792626728110654,1,Elevated
2022-04-06,0.01105293775450833,1,Elevated
2022-04-07,0.017836593785960808,1,Elevated
2022-04-08,0.019785189372526935,1,Elevated
2022-04-11,-0.0044345898004434225,1,Elevated
2022-04-12,-0.012806236080178168,1,Elevated
2022-04-13,-0.006204173716864103,1,Elevated
2022-04-14,0.004540295119182858,1,Elevated
2022-04-18,0.0,1,Elevated
2022-04-19,-0.001129943502824804,1,Elevated
2022-04-20,0.010180995475113086,1,Elevated
2022-04-21,0.0011198208286673506,1,Elevated
2022-04-22,-0.010067114093959773,1,Elevated
2022-04-25,-0.011299435028248594,1,Elevated
2022-04-26,0.01200000000000001,1,Elevated
2022-04-27,0.006211180124223503,1,Elevated
2022-04-28,0.015151515151515138,1,Elevated
2022-04-29,-0.0016583747927031434,1,Elevated
2022-05-02,-0.030454042081949018,2,Normal
2022-05-03,0.04740148486579088,2,Normal
2022-05-04,-0.008178844056706658,1,Elevated
2022-05-05,-0.011544804837822942,1,Elevated
2022-05-06,-0.006117908787541704,1,Elevated
2022-05-09,-0.012870733072188001,1,Elevated
2022-05-10,-0.003401360544217691,1,Elevated
2022-05-11,0.018771331058020424,1,Elevated
2022-05-12,-0.013958682300390879,1,Elevated
2022-05-13,0.007361268403170973,1,Elevated
2022-05-17,-0.0127848804891606,1,Elevated
2022-05-18,-0.0039414414414414845,1,Elevated
2022-05-19,-0.01469756924816279,1,Elevated
2022-05-20,-0.013769363166953541,1,Elevated
2022-05-23,0.005235602094240788,1,Elevated
2022-05-24,0.0023148148148148806,1,Elevated
2022-05-25,-0.01558891454965361,1,Elevated
2022-05-26,0.008211143695014744,1,Elevated
2022-05-27,-0.0017452006980802626,1,Elevated
2022-05-30,0.02331002331002341,1,Elevated
2022-05-31,-0.006833712984054663,1,Elevated
2022-06-01,0.017201834862385246,1,Elevated
2022-06-02,0.0,1,Elevated
2022-06-03,0.0,1,Elevated
2022-06-06,-0.010710259301014657,1,Elevated
2022-06-07,-0.0039886039886040114,1,Elevated
2022-06-08,-0.0017162471395880674,1,Elevated
2022-06-09,0.004584527220630408,1,Elevated
2022-06-10,-0.0022818026240730704,1,Elevated
2022-06-13,-0.02401372212692965,1,Elevated
2022-06-14,0.005272407732864748,1,Elevated
2022-06-15,0.0,1,Elevated
2022-06-16,-0.015151515151515138,1,Elevated
2022-06-17,0.020118343195266286,1,Elevated
2022-06-20,0.0168213457076567,1,Elevated
2022-06-21,0.0062749572162008604,1,Elevated
2022-06-22,-0.0028344671201814275,1,Elevated
2022-06-23,-0.0005685048322910946,1,Elevated
2022-06-24,0.0011376564277587597,1,Elevated
2022-06-27,-0.010795454545454497,1,Elevated
2022-06-28,-0.001723147616312426,1,Elevated
2022-06-29,-0.009205983889528202,1,Elevated
2022-06-30,-0.005226480836236891,1,Elevated
2022-07-01,0.0011675423234092097,1,Elevated
2022-07-04,-0.0011661807580174433,1,Elevated
2022-07-05,0.007005253940455258,1,Elevated
2022-07-06,0.020289855072463725,1,Elevated
2022-07-07,-0.006249999999999978,1,Elevated
2022-07-08,-0.018867924528301883,1,Elevated
2022-07-11,0.02564102564102555,1,Elevated
2022-07-12,-0.003409090909090917,1,Elevated
2022-07-13,-0.019954389965792463,1,Elevated
2022-07-14,-0.02036067481093662,1,Elevated
2022-07-15,0.0213776722090262,1,Elevated
2022-07-19,0.011668611435239118,1,Elevated
2022-07-20,0.007497116493656364,1,Elevated
2022-07-21,-0.018889524899828314,1,Elevated
2022-07-22,-0.00875145857642945,1,Elevated
2022-07-25,0.025309005297233567,1,Elevated
2022-07-26,0.014925373134328401,1,Elevated
2022-07-27,-0.014705882352941124,1,Elevated
2022-07-28,-0.021814006888633775,1,Elevated
2022-07-29,0.0,1,Elevated
2022-08-01,0.004107981220657253,1,Elevated
2022-08-02,0.013442431326709636,1,Elevated
2022-08-03,-0.016724336793540906,1,Elevated
2022-08-04,0.019354838709677358,1,Elevated
2022-08-05,-0.0069044879171461515,1,Elevated
2022-08-08,0.005793742757821629,1,Elevated
2022-08-09,0.010368663594469973,1,Elevated
2022-08-10,0.0017103762827821445,1,Elevated
2022-08-11,0.0022766078542970636,1,Elevated
2022-08-12,-0.007950028392958552,1,Elevated
2022-08-15,0.0028620492272466436,1,Elevated
2022-08-16,-0.013698630136986356,1,Elevated
2022-08-17,0.01909722222222232,1,Elevated
2022-08-18,0.0022714366837024436,1,Elevated
2022-08-19,-0.0033994334277620553,1,Elevated
2022-08-22,-0.0034110289937464566,1,Elevated
2022-08-23,-0.0165430690245294,1,Elevated
2022-08-24,0.024361948955916368,1,Elevated
2022-08-25,0.003397508493771184,1,Elevated
2022-08-26,0.003950338600451575,1,Elevated
2022-08-29,0.0,1,Elevated
2022-08-30,0.008993816750983763,1,Elevated
2022-08-31,0.0027855153203342198,1,Elevated
2022-09-01,-0.007222222222222241,1,Elevated
2022-09-02,0.009513150531617276,1,Elevated
2022-09-05,-0.0005543237250554833,1,Elevated
2022-09-06,-0.002773155851358844,1,Elevated
2022-09-07,0.0022246941045607205,1,Elevated
2022-09-08,-0.009988901220865709,1,Elevated
2022-09-09,-0.01065022421524664,1,Elevated
2022-09-12,-0.010198300283286166,1,Elevated
2022-09-13,0.02003434459072695,1,Elevated
2022-09-14,-0.012345679012345734,1,Elevated
2022-09-15,0.06136363636363629,2,Normal
2022-09-19,0.0,1,Elevated
2022-09-20,-0.001064395955295394,1,Elevated
2022-09-21,0.0021310602024506853,1,Elevated
2022-09-22,-0.01063264221158955,1,Elevated
2022-09-23,-0.0021493820526599094,1,Elevated
2022-09-26,0.021540118470651626,1,Elevated
2022-09-27,0.014232999472851837,1,Elevated
2022-09-28,0.004158004158004047,1,Elevated
2022-09-29,0.004658385093167627,1,Elevated
2022-09-30,-0.0005151983513652647,1,Elevated
2022-10-03,-0.012886597938144284,1,Elevated
2022-10-04,0.0036553524804177062,1,Elevated
2022-10-05,0.021331945889698334,1,Elevated
2022-10-06,0.0010188487009679115,1,Elevated
2022-10-07,0.02188295165394405,1,Elevated
2022-10-10,-0.007968127490039834,1,Elevated
2022-10-11,-0.010542168674698815,1,Elevated
2022-10-12,-0.010654490106544956,1,Elevated
2022-10-13,0.00820512820512831,1,Elevated
2022-10-14,0.007629704984740693,1,Elevated
2022-10-17,-0.025239777889954573,1,Elevated
2022-10-18,-0.005178663904712555,1,Elevated
2022-10-19,0.006246746486205046,1,Elevated
2022-10-20,0.008277289187790915,1,Elevated
2022-10-21,0.002565418163160693,1,Elevated
2022-10-24,0.011770726714432023,1,Elevated
2022-10-25,-0.024785027819929195,1,Elevated
2022-10-26,-0.016078838174273913,1,Elevated
2022-10-27,0.00632577754348973,1,Elevated
2022-10-28,-0.00785751702462023,1,Elevated
2022-10-31,0.013199577613516311,1,Elevated
2022-11-01,0.005211047420531578,1,Elevated
2022-11-02,0.013996889580093264,1,Elevated
2022-11-03,0.017893660531697275,1,Elevated
2022-11-04,0.024610748367654534,1,Elevated
2022-11-07,0.004411764705882337,1,Elevated
2022-11-08,0.00048804294777937685,1,Elevated
2022-11-09,0.023414634146341484,1,Elevated
2022-11-10,-0.013822688274547135,1,Elevated
2022-11-11,-0.02706621556307398,1,Elevated
2022-11-14,-0.004967709885742688,1,Elevated
2022-11-15,-0.0024962556165751826,1,Elevated
2022-11-16,0.005005005005005003,1,Elevated
2022-11-17,-0.0029880478087649376,1,Elevated
2022-11-18,0.006993006993007089,1,Elevated
2022-11-21,0.016865079365079305,1,Elevated
2022-11-22,-0.011219512195121961,1,Elevated
2022-11-23,-0.004440059200789381,1,Elevated
2022-11-24,0.006442021803766185,1,Elevated
2022-11-25,0.028064992614475592,1,Elevated
2022-11-28,0.013409961685823646,1,Elevated
2022-11-29,0.007561436672967936,1,Elevated
2022-11-30,0.0032833020637899057,1,Elevated
2022-12-01,0.004675081813931836,1,Elevated
2022-12-02,-0.00232666356444855,1,Elevated
2022-12-05,-0.011194029850746245,1,Elevated
2022-12-06,-0.0014150943396226134,1,Elevated
2022-12-07,0.006140765233821455,1,Elevated
2022-12-08,0.005633802816901401,1,Elevated
2022-12-09,-0.01073762838468717,1,Elevated
2022-12-12,-0.0051911278905143465,1,Elevated
2022-12-13,-0.004743833017077814,1,Elevated
2022-12-15,-0.05862726406101049,2,Normal
2022-12-19,0.004577822990844416,1,Elevated
2022-12-20,0.00658227848101256,1,Elevated
2022-12-21,0.010060362173038184,1,Elevated
2022-12-22,0.020916334661354563,1,Elevated
2022-12-23,0.007317073170731714,1,Elevated
2022-12-27,0.0,1,Elevated
2022-12-28,0.0038740920096851372,1,Elevated
2022-12-29,-0.013989387361312056,1,Elevated
2022-12-30,0.008806262230919737,1,Elevated
2023-01-03,-0.007274490785645016,1,Elevated
2023-01-04,-0.0004885197850512668,1,Elevated
2023-01-05,0.011730205278592365,1,Elevated
2023-01-06,-0.011111111111111072,1,Elevated
2023-01-09,0.009281875915974513,1,Elevated
2023-01-10,-0.01742497579864477,1,Elevated
2023-01-11,0.012807881773398977,1,Elevated
2023-01-12,-0.0019455252918287869,1,Elevated
2023-01-13,0.008284600389863561,1,Elevated
2023-01-16,-0.006283228612856462,1,Elevated
2023-01-17,-0.0004863813229571967,1,Elevated
2023-01-18,-0.014111922141119226,1,Elevated
2023-01-19,-0.021717670286278357,1,Elevated
2023-01-20,-0.0020181634712411745,1,Elevated
2023-01-23,0.012639029322548012,1,Elevated
2023-01-24,-0.004493260109835195,1,Elevated
2023-01-25,0.005015045135406293,1,Elevated
2023-01-26,0.01447105788423153,1,Elevated
2023-01-27,0.000983767830792015,1,Elevated
2023-01-30,0.0014742014742015197,1,Elevated
2023-01-31,-0.006378802747791901,1,Elevated
2023-02-01,-0.0004938271604938427,1,Elevated
2023-02-02,-0.005928853754940677,1,Elevated
2023-02-03,-0.006461232604373812,1,Elevated
2023-02-06,0.009504752376188197,1,Elevated
2023-02-07,0.0069375619425173785,1,Elevated
2023-02-08,-0.0034448818897637734,1,Elevated
2023-02-09,-0.011851851851851891,1,Elevated
2023-02-10,0.003998000999500206,1,Elevated
2023-02-13,0.016923842707814885,1,Elevated
2023-02-14,0.002936857562408246,1,Elevated
2023-02-15,0.027330405075646658,1,Elevated
2023-02-16,0.003325415676959542,1,Elevated
2023-02-17,0.0042613636363635354,1,Elevated
2023-02-20,0.010843941537010737,1,Elevated
2023-02-21,-0.012126865671641784,1,Elevated
2023-02-22,0.0023607176581681433,1,Elevated
2023-02-23,-0.0018841262364578393,1,Elevated
2023-02-24,-0.0014157621519584884,1,Elevated
2023-02-27,0.0014177693761814325,1,Elevated
2023-02-28,-0.008022652194431323,1,Elevated
2023-03-01,0.030922930542340632,1,Elevated
2023-03-02,-0.011998154130133831,1,Elevated
2023-03-03,-0.013545072396076607,1,Elevated
2023-03-06,0.008049242424242431,1,Elevated
2023-03-07,0.0018788163457021945,1,Elevated
2023-03-08,-0.003281762775433683,1,Elevated
2023-03-09,-0.0042333019755409484,1,Elevated
2023-03-10,-0.017949929145016585,1,Elevated
2023-03-13,-0.018278018278018227,1,Elevated
2023-03-14,0.005879470847623747,1,Elevated
2023-03-15,-0.002435460301997039,1,Elevated
2023-03-17,0.013500482160077043,1,Elevated
2023-03-20,0.0,1,Elevated
2023-03-21,0.010941960038058918,1,Elevated
2023-03-22,0.009882352941176453,1,Elevated
2023-03-23,-0.012115563839701804,1,Elevated
2023-03-24,0.007547169811320753,1,Elevated
2023-03-27,0.002808988764045006,1,Elevated
2023-03-28,-0.00046685340802987696,1,Elevated
2023-03-29,-0.009341429238673538,1,Elevated
2023-03-30,0.004243281471004279,1,Elevated
2023-03-31,0.013615023474178312,1,Elevated
2023-04-03,-0.017600741083835136,1,Elevated
2023-04-04,0.008015087223008033,1,Elevated
2023-04-05,0.014499532273152482,1,Elevated
2023-04-06,0.007837713231904075,1,Elevated
2023-04-11,0.0036596523330283404,1,Elevated
2023-04-12,-0.013673655423883324,1,Elevated
2023-04-13,0.01201478743068396,1,Elevated
2023-04-14,0.008675799086758085,1,Elevated
2023-04-17,0.018107741059302906,1,Elevated
2023-04-18,0.012005335704757591,1,Elevated
2023-04-19,-0.0004393673110720808,1,Elevated
2023-04-20,-0.005274725274725278,1,Elevated
2023-04-21,0.009721608484312805,1,Elevated
2023-04-24,-0.014004376367614868,1,Elevated
2023-04-25,-0.011984021304926817,1,Elevated
2023-04-26,0.0017969451931716396,1,Elevated
2023-04-27,-0.0035874439461883734,1,Elevated
2023-04-28,-0.004050405040504024,1,Elevated
2023-05-02,-0.004970628106642616,1,Elevated
2023-05-03,-0.010445049954586727,1,Elevated
2023-05-04,0.009637448370812374,1,Elevated
2023-05-05,0.0072727272727273196,1,Elevated
2023-05-09,0.012635379061371799,1,Elevated
2023-05-10,0.005793226381461736,1,Elevated
2023-05-11,-0.00044306601683652413,1,Elevated
2023-05-12,0.005319148936170137,1,Elevated
2023-05-15,-0.005291005291005346,1,Elevated
2023-05-17,0.004361098996947144,1,Elevated
2023-05-18,0.012592270950933626,1,Elevated
2023-05-19,0.028301886792452935,1,Elevated
2023-05-22,-0.010842368640533784,1,Elevated
2023-05-23,-0.00590219224283306,1,Elevated
2023-05-24,-0.0012722646310432406,1,Elevated
2023-05-25,0.004670912951167727,1,Elevated
2023-05-26,-0.002535925612848655,1,Elevated
2023-05-30,-0.004237288135593209,1,Elevated
2023-05-31,-0.0017021276595744483,1,Elevated
2023-06-01,-0.002557544757033292,1,Elevated
2023-06-02,0.00042735042735042583,1,Elevated
2023-06-05,0.008543357539513075,1,Elevated
2023-06-06,-0.0016941973739941218,1,Elevated
2023-06-07,0.014425116673737692,1,Elevated
2023-06-08,0.009619406106231798,1,Elevated
2023-06-09,0.01988400994200501,1,Elevated
2023-06-12,-0.008529650690495494,1,Elevated
2023-06-13,0.022122081114297476,1,Elevated
2023-06-14,0.014829659318637223,1,Elevated
2023-06-15,0.028830963665086973,2,Normal
2023-06-16,-0.048752399232245724,2,Normal
2023-06-19,0.0016142050040355294,1,Elevated
2023-06-20,-0.00241740531829171,1,Elevated
2023-06-21,0.008481421647819065,1,Elevated
2023-06-22,-0.006007208650380402,1,Elevated
2023-06-23,-0.00040290088638195165,1,Elevated
2023-06-26,0.02055622732769047,1,Elevated
2023-06-27,0.001974723538704648,1,Elevated
2023-06-28,0.02089081592431996,1,Elevated
2023-06-29,-0.01660231660231659,1,Elevated
2023-06-30,0.025912838633686652,1,Elevated
2023-07-03,0.017986988136241777,1,Elevated
2023-07-04,-0.007894736842105288,1,Elevated
2023-07-05,-0.0007578628268283261,1,Elevated
2023-07-06,-0.013651877133105783,1,Elevated
2023-07-07,-0.007689350249903915,1,Elevated
2023-07-10,0.010073614877954329,1,Elevated
2023-07-11,-0.0011507479861909697,1,Elevated
2023-07-12,-0.013440860215053752,1,Elevated
2023-07-13,-0.045153756325418404,2,Normal
2023-07-14,0.018344883815735846,1,Elevated
2023-07-18,0.007159904534606243,1,Elevated
2023-07-19,0.020537124802527673,1,Elevated
2023-07-20,-0.008126934984520107,1,Elevated
2023-07-21,0.005462348809988304,1,Elevated
2023-07-24,0.0019402405898332198,1,Elevated
2023-07-25,0.016653756777691653,1,Elevated
2023-07-26,0.016380952380952385,1,Elevated
2023-07-27,0.005247376311844132,1,Elevated
2023-07-28,0.001491424310216205,1,Elevated
2023-07-31,0.004467609828741725,1,Elevated
2023-08-01,0.0018532246108229344,1,Elevated
2023-08-02,-0.0011098779134295356,1,Elevated
2023-08-03,-0.017407407407407427,1,Elevated
2023-08-04,0.0003769317753485879,1,Elevated
2023-08-07,0.005275056518462717,1,Elevated
2023-08-08,-0.01761619190404795,1,Elevated
2023-08-09,-0.0007630675314765911,1,Elevated
2023-08-10,-0.0019091256204658569,1,Elevated
2023-08-11,0.005738332058148332,1,Elevated
2023-08-14,0.014073792316470213,1,Elevated
2023-08-15,0.00937734433608406,1,Elevated
2023-08-16,0.0022296544035673715,1,Elevated
2023-08-17,0.009269558769002595,1,Elevated
2023-08-18,-0.00881704628949298,1,Elevated
2023-08-21,-0.0003706449221645425,1,Elevated
2023-08-22,0.0003707823507601571,1,Elevated
2023-08-23,0.00148257968865817,1,Elevated
2023-08-24,0.01073279052553655,1,Elevated
2023-08-25,0.018674478213108747,1,Elevated
2023-08-29,0.03163191948238686,1,Elevated
2023-08-30,0.01498257839721262,1,Elevated
2023-08-31,0.0106419498798489,1,Elevated
2023-09-01,-0.012907608695652217,1,Elevated
2023-09-04,-0.007570543702684063,1,Elevated
2023-09-05,0.018723994452149784,1,Elevated
2023-09-06,0.008849557522123908,1,Elevated
2023-09-07,-0.0010121457489878916,1,Elevated
2023-09-08,0.024316109422492405,1,Elevated
2023-09-11,-0.005275304978569095,1,Elevated
2023-09-12,-0.0013258203513424327,1,Elevated
2023-09-13,0.01692665117822778,1,Elevated
2023-09-14,0.014033942558746793,1,Elevated
2023-09-15,0.0045059542967493815,1,Elevated
2023-09-19,0.006928406466512715,1,Elevated
2023-09-20,-0.02162516382699864,1,Elevated
2023-09-21,0.005023442732752903,1,Elevated
2023-09-22,0.006997667444185174,1,Elevated
2023-09-25,-0.014228987425546014,1,Elevated
2023-09-26,0.007385028533064775,1,Elevated
2023-09-27,-0.015994668443852,1,Elevated
2023-09-28,0.008465966813410164,1,Elevated
2023-09-29,-0.009738079247817333,1,Elevated
2023-10-02,0.028145133943709766,1,Elevated
2023-10-03,-0.01781002638522422,1,Elevated
2023-10-04,-0.004365345869711268,1,Elevated
2023-10-05,-0.00843170320404718,1,Elevated
2023-10-06,0.015306122448979664,1,Elevated
2023-10-09,-0.005025125628140725,1,Elevated
2023-10-10,0.00942760942760934,1,Elevated
2023-10-11,-0.01100733822548361,1,Elevated
2023-10-12,0.03338954468802702,1,Elevated
2023-10-13,0.01207571801566587,1,Elevated
2023-10-16,0.02257336343115135,1,Elevated
2023-10-17,0.0056764427625355385,1,Elevated
2023-10-18,-0.0018814675446848783,1,Elevated
2023-10-19,0.011624253848570465,1,Elevated
2023-10-20,0.01521739130434785,1,Elevated
2023-10-23,0.01590700520036714,1,Elevated
2023-10-24,-0.010840108401083959,1,Elevated
2023-10-25,0.007610350076103556,1,Elevated
2023-10-26,0.017522658610271913,1,Elevated
2023-10-27,0.006828978622327897,1,Elevated
2023-10-30,0.0005897965202006361,1,Elevated
2023-10-31,-0.0035366931918655586,1,Elevated
2023-11-01,-0.010647737355811926,1,Elevated
2023-11-02,0.01195814648729443,1,Elevated
2023-11-03,-0.0008862629246676468,1,Elevated
2023-11-06,-0.0011827321111768097,1,Elevated
2023-11-07,0.002664298401420906,1,Elevated
2023-11-08,0.007085916740478204,1,Elevated
2023-11-09,0.021401348578129475,1,Elevated
2023-11-10,0.013490241102181333,1,Elevated
2023-11-13,0.010761823845935936,1,Elevated
2023-11-14,-0.021854861305687923,1,Elevated
2023-11-15,0.005442566599828114,1,Elevated
2023-11-16,0.012820512820512775,1,Elevated
2023-11-17,0.006751054852320637,1,Elevated
2023-11-20,-0.02710254260966749,1,Elevated
2023-11-21,0.005743825387708235,1,Elevated
2023-11-22,-0.004283266704740107,1,Elevated
2023-11-23,0.0028677946659019238,1,Elevated
2023-11-24,-0.002287675150128732,1,Elevated
2023-11-27,0.007738607050730817,1,Elevated
2023-11-28,0.010807736063708662,1,Elevated
2023-11-29,0.007878446820483997,1,Elevated
2023-11-30,-0.0005583472920156485,1,Elevated
2023-12-01,-0.02206703910614527,1,Elevated
2023-12-04,-0.004570122822050826,1,Elevated
2023-12-05,-0.012625538020086036,1,Elevated
2023-12-06,-0.0017436791630339732,1,Elevated
2023-12-07,0.038719068413391566,1,Elevated
2023-12-08,0.0011210762331839152,1,Elevated
2023-12-11,-0.02519596864501683,1,Elevated
2023-12-12,0.018667432510051762,1,Elevated
2023-12-13,0.004792782633211257,1,Elevated
2023-12-14,-0.004769921436588054,1,Elevated
2023-12-15,0.0005638567803778471,1,Elevated
2023-12-19,-0.0042099354476564654,1,Elevated
2023-12-20,0.00732807215332576,1,Elevated
2023-12-21,-0.0011191941801902416,1,Elevated
2023-12-22,-0.0036414565826330403,1,Elevated
2023-12-27,-0.004779308405960081,1,Elevated
2023-12-28,0.0025423728813558366,1,Elevated
2023-12-29,-0.012116089039165945,1,Elevated
2024-01-02,0.01911009697661159,1,Elevated
2024-01-03,-0.005597537083683157,1,Elevated
2024-01-04,0.00028145229383613746,1,Elevated
2024-01-05,-0.01688238604389425,1,Elevated
2024-01-08,-0.032341156267887805,1,Elevated
2024-01-09,0.018337769890564903,1,Elevated
2024-01-10,0.01539355213476612,1,Elevated
2024-01-11,0.02030892448512578,1,Elevated
2024-01-12,0.010933557611438216,1,Elevated
2024-01-15,0.005823627287853572,1,Elevated
2024-01-16,0.02481389578163773,1,Elevated
2024-01-17,0.0032284100080710587,1,Elevated
2024-01-18,-0.004558862965942656,1,Elevated
2024-01-19,0.01724137931034475,1,Elevated
2024-01-22,-0.008474576271186418,1,Elevated
2024-01-23,-0.004006410256410242,1,Elevated
2024-01-24,0.017162778224725228,1,Elevated
2024-01-25,-0.01871869232797263,1,Elevated
2024-01-26,0.007254164427727083,1,Elevated
2024-01-29,0.01200320085356088,1,Elevated
2024-01-30,0.01950448075909339,1,Elevated
2024-01-31,0.003877973112719646,1,Elevated
2024-02-01,0.023693020860159564,3,Bull
2024-02-02,0.01635220125786163,3,Bull
2024-02-05,0.035396039603960316,3,Bull
2024-02-06,0.01410470953860865,3,Bull
2024-02-07,0.0240452616690241,3,Bull
2024-02-08,0.07274401473296499,3,Bull
2024-02-09,0.020815450643776767,3,Bull
2024-02-12,0.0025225982762244747,3,Bull
2024-02-13,0.01740406793877125,3,Bull
2024-02-14,-0.005976916735366822,3,Bull
2024-02-15,-0.02653949823761148,3,Bull
2024-02-16,-0.03642172523961662,3,Bull
2024-02-19,0.016136162687886868,3,Bull
2024-02-20,0.028714378942788832,3,Bull
2024-02-21,0.052230915626982455,3,Bull
2024-02-22,0.01728295819935699,3,Bull
2024-02-23,0.05649940734887404,3,Bull
2024-02-26,0.03926701570680624,3,Bull
2024-02-27,-0.010975170924793054,3,Bull
2024-02-28,-0.06603601964708028,3,Bull
2024-02-29,0.005453837164004716,3,Bull
2024-03-01,0.026733824099186343,3,Bull
2024-03-04,0.04981132075471706,3,Bull
2024-03-05,-0.014737598849748346,3,Bull
2024-03-06,-0.0023713973002553734,3,Bull
2024-03-07,-0.021759005302614765,3,Bull
2024-03-08,-0.022242990654205652,3,Bull
2024-03-11,0.05448289046071486,3,Bull
2024-03-12,0.05674401740391599,3,Bull
2024-03-13,-0.011837364899639713,3,Bull
2024-03-14,0.0654513888888888,3,Bull
2024-03-15,0.06599315626527624,3,Bull
2024-03-19,-0.01660787771898886,3,Bull
2024-03-20,0.03676580481243463,3,Bull
2024-03-21,0.028975061265676727,3,Bull
2024-03-22,0.04525077052395621,3,Bull
2024-03-25,0.0981101728990752,3,Bull
2024-03-26,0.002196997436836323,3,Bull
2024-03-27,-0.00036536353671901,3,Bull
2024-03-28,0.008284600389863561,3,Bull
2024-04-01,0.0,3,Bull
2024-04-02,0.013049782503624874,3,Bull
2024-04-03,-0.06166507633587781,3,Bull
2024-04-04,-0.016524723528664076,3,Bull
2024-04-05,0.033475507302572094,3,Bull
2024-04-08,0.02538769384692352,3,Bull
2024-04-09,0.004390779363337094,3,Bull
2024-04-10,0.025865209471766848,3,Bull
2024-04-11,0.014441287878787845,3,Bull
2024-04-12,0.04854142357059521,3,Bull
2024-04-15,0.02125528600044513,3,Bull
2024-04-16,-0.05786204642039883,3,Bull
2024-04-17,0.02255378209576686,3,Bull
2024-04-18,0.06526411039475177,3,Bull
2024-04-19,0.04427691654279031,3,Bull
2024-04-22,-0.019013726487036142,3,Bull
2024-04-23,-0.05545190713101156,3,Bull
2024-04-24,0.04104027213870287,3,Bull
2024-04-25,-0.02519236850426898,3,Bull
2024-04-26,-0.029087370242214527,3,Bull
2024-04-29,-0.1448936407172291,0,Crash
2024-04-30,0.03269080489710863,0,Crash
2024-05-01,-0.08563501072014124,0,Crash
2024-05-02,-0.09586206896551719,0,Crash
2024-05-03,0.050648360030510986,0,Crash
2024-05-06,0.08363583563235077,0,Crash
2024-05-07,0.000401983116709026,0,Crash
2024-05-08,0.000803643182426983,0,Crash
2024-05-09,0.00521948608137035,0,Crash
2024-05-10,0.0071894554653175735,0,Crash
2024-05-13,-0.2068737607402512,0,Crash
2024-05-14,0.024833333333333263,3,Bull
2024-05-15,0.06586436818994956,3,Bull
2024-05-17,-0.017338256541981067,3,Bull
2024-05-20,-0.02172847573925829,3,Bull
2024-05-21,0.020541082164328595,3,Bull
2024-05-22,0.021600392734413276,3,Bull
2024-05-23,0.06551337497997767,3,Bull
2024-05-24,0.025105231509320536,3,Bull
2024-05-27,0.0,3,Bull
2024-05-28,0.038275406951165936,3,Bull
2024-05-29,0.06553672316384174,3,Bull
2024-05-30,-0.0164369034994698,3,Bull
2024-05-31,0.0032345013477088624,3,Bull
2024-06-03,0.02955400322407309,3,Bull
2024-06-04,-0.003262004175365374,3,Bull
2024-06-05,-0.005367194658986829,3,Bull
2024-06-06,0.03435114503816794,3,Bull
2024-06-07,0.016541544725792168,3,Bull
2024-06-10,-0.006759294029290319,3,Bull
2024-06-11,0.02243226212980476,3,Bull
2024-06-12,0.06729939603106128,3,Bull
2024-06-13,0.043423028063286795,3,Bull
2024-06-14,-0.021914775871610392,3,Bull
2024-06-17,-0.1425823243182075,0,Crash
2024-06-18,0.014385640754916107,0,Crash
2024-06-19,0.01053864168618257,0,Crash
2024-06-20,-0.05175743530320587,0,Crash
2024-06-21,-0.006245756958587867,0,Crash
2024-06-24,-0.0959147424511545,0,Crash
2024-06-25,0.0031736436451563765,0,Crash
2024-06-26,-0.0007532389273877671,0,Crash
2024-06-27,-0.07447610432685059,0,Crash
2024-06-28,0.03665092034533313,0,Crash
2024-07-01,-0.03048397234443745,0,Crash
2024-07-02,0.24878444084278772,0,Crash
2024-07-03,-0.16262167423750806,0,Crash
2024-07-04,-0.03037817730936143,3,Bull
2024-07-05,0.046675191815856776,3,Bull
2024-07-08,-0.023518631643249854,3,Bull
2024-07-09,0.049421332499218096,3,Bull
2024-07-10,-0.0037257824143069884,3,Bull
2024-07-11,0.051907255048616374,3,Bull
2024-07-12,-0.028725824800910127,3,Bull
2024-07-15,0.030600292825768705,3,Bull
2024-07-17,-0.030674846625766916,3,Bull
2024-07-18,0.04794303797468347,3,Bull
2024-07-19,-0.0430318586743168,3,Bull
2024-07-22,0.07952035342379293,3,Bull
2024-07-23,-0.0052616194095294055,3,Bull
2024-07-24,-0.0189538642374375,3,Bull
2024-07-25,-0.04223453646847386,3,Bull
2024-07-26,0.018764659890539548,3,Bull
2024-07-29,-0.028702993092862616,3,Bull
2024-07-30,0.03476611883691527,3,Bull
2024-07-31,-0.018478924862553425,3,Bull
2024-08-01,-0.06581608837715891,3,Bull
2024-08-02,0.0033311125916055673,3,Bull
2024-08-05,0.0431606905710491,3,Bull
2024-08-06,0.03309993634627628,3,Bull
2024-08-07,0.015557609365372871,3,Bull
2024-08-08,-0.03731230092522375,3,Bull
2024-08-09,0.054513943595399406,3,Bull
2024-08-12,-0.03272075302554911,3,Bull
2024-08-13,0.0015446400988570197,3,Bull
2024-08-14,-0.008945095619987686,3,Bull
2024-08-15,-0.014628073451602885,3,Bull
2024-08-16,0.002684775742261447,3,Bull
2024-08-19,0.003622617735076439,3,Bull
2024-08-20,0.00957313245448832,3,Bull
2024-08-21,-0.014145810663764968,3,Bull
2024-08-22,0.0,3,Bull
2024-08-23,-0.009776095868811119,3,Bull
2024-08-27,-0.08710191082802543,3,Bull
2024-08-28,-0.01151229722658298,3,Bull
2024-08-29,-0.016234339156520172,3,Bull
2024-08-30,0.0019730941704034777,3,Bull
2024-09-02,0.001969208736126049,3,Bull
2024-09-03,-0.09165624441665177,3,Bull
2024-09-04,-0.040322580645161255,3,Bull
2024-09-05,0.059233449477351874,3,Bull
2024-09-06,0.011029411764705843,3,Bull
2024-09-09,0.041913875598086126,3,Bull
2024-09-10,-0.05712711241734014,3,Bull
2024-09-11,0.05026300409117468,3,Bull
2024-09-12,-0.005379335930254081,3,Bull
2024-09-13,0.032823573293547126,3,Bull
2024-09-16,-0.02564102564102566,3,Bull
2024-09-18,0.021780303030302983,3,Bull
2024-09-19,-0.01649675625579239,3,Bull
2024-09-20,-0.0071617037316246135,3,Bull
2024-09-23,0.0,3,Bull
2024-09-24,-0.01537585421412302,3,Bull
2024-09-25,0.022556390977443552,3,Bull
2024-09-26,0.0039592760180995334,3,Bull
2024-09-27,0.03981220657276996,3,Bull
2024-09-30,-0.05345855156221779,3,Bull
2024-10-01,-0.025758443045220347,3,Bull
2024-10-02,-0.02898550724637683,3,Bull
2024-10-03,0.01976603469140792,3,Bull
2024-10-04,0.010284810126582222,3,Bull
2024-10-07,-0.014878621769772948,3,Bull
2024-10-08,0.017686804451510385,3,Bull
2024-10-09,0.049599687561023176,3,Bull
2024-10-10,0.027162790697674355,3,Bull
2024-10-11,0.02209744611483422,3,Bull
2024-10-14,-0.00017721070352649804,3,Bull
2024-10-15,0.026409074796171605,3,Bull
2024-10-16,-0.0072526333966499434,3,Bull
2024-10-17,0.012349973908505785,3,Bull
2024-10-18,-0.04175257731958759,3,Bull
2024-10-21,0.00448269679038904,3,Bull
2024-10-22,-0.027490182077829384,3,Bull
2024-10-23,-0.012481644640234935,3,Bull
2024-10-24,-0.03810408921933084,3,Bull
2024-10-25,0.011014492753623095,3,Bull
2024-10-28,0.042813455657492394,3,Bull
2024-10-29,0.06213343108504388,3,Bull
2024-10-30,0.011044003451251116,3,Bull
2024-10-31,-0.002218808670421568,3,Bull
2024-11-01,0.004276428327061321,3,Bull
2024-11-04,-0.013626298756600264,3,Bull
2024-11-05,-0.020376446209635635,3,Bull
2024-11-06,-0.03102414947999299,3,Bull
2024-11-07,0.05985082772421313,3,Bull
2024-11-08,-0.000171644352900735,3,Bull
2024-11-11,0.018884120171673846,3,Bull
2024-11-12,0.05223251895534964,3,Bull
2024-11-13,0.04163330664531628,3,Bull
2024-11-14,0.07870868562644118,3,Bull
2024-11-15,0.012683482969930271,3,Bull
2024-11-18,-0.016183506895581234,3,Bull
2024-11-19,0.03490201687884431,3,Bull
2024-11-20,-0.004008293020041465,3,Bull
2024-11-21,0.019011934499028493,3,Bull
2024-11-22,0.05624404194470922,3,Bull
2024-11-25,-0.012248581743166564,3,Bull
2024-11-26,0.02219031458034193,3,Bull
2024-11-27,-0.020814710764908706,3,Bull
2024-11-28,0.02256129368805415,3,Bull
2024-11-29,0.01173319729626332,3,Bull
2024-12-02,0.007437287280978255,3,Bull
2024-12-03,-0.07707707707707712,3,Bull
2024-12-04,0.029284164859002093,3,Bull
2024-12-05,0.052687038988408874,3,Bull
2024-12-06,0.020520520520520558,3,Bull
2024-12-09,0.02538008827856797,3,Bull
2024-12-10,0.010881262704770966,3,Bull
2024-12-11,-0.02223799384906555,3,Bull
2024-12-12,-0.00024195499637069684,3,Bull
2025-01-15,-0.011892146473566512,3,Bull
2025-01-16,-0.0162059103908484,3,Bull
2025-01-17,0.053779069767441845,3,Bull
2025-01-18,0.0,3,Bull
2025-01-19,0.0,3,Bull
2025-01-20,-0.0006896551724138167,3,Bull
2025-01-21,0.020243846330802784,3,Bull
2025-01-22,-0.004171364148816248,3,Bull
2025-01-23,0.026944412996716904,3,Bull
2025-01-24,0.00848859001212654,3,Bull
2025-01-25,0.0,3,Bull
2025-01-26,0.0,3,Bull
2025-01-27,-0.01617839965019674,3,Bull
2025-01-28,-0.000888888888888939,3,Bull
2025-01-29,0.0162366548042705,3,Bull
2025-01-30,-0.0351280367695338,3,Bull
2025-01-31,-0.013950323239196982,3,Bull
2025-02-03,0.007476420519898719,3,Bull
2025-02-04,-0.007420938463294946,3,Bull
2025-02-05,-0.03358638141246839,3,Bull
2025-02-06,-0.03130207093549153,3,Bull
2025-02-07,-0.01019781299913991,3,Bull
2025-02-10,-0.01700595829195628,3,Bull
2025-02-11,0.030685692637959283,3,Bull
2025-02-12,-0.007718696397941649,3,Bull
2025-02-13,0.0219780219780219,3,Bull
2025-02-14,-0.01667270750271843,3,Bull
2025-02-17,0.0031944956382847778,3,Bull
2025-02-18,0.0006123698714022296,3,Bull
2025-02-19,0.0007343941248469932,3,Bull
2025-02-20,-0.018713307240704524,3,Bull
2025-02-21,-0.07715318459429144,3,Bull
2025-02-24,-0.07090761750405183,3,Bull
2025-02-25,0.032272132577409574,3,Bull
2025-02-26,0.04928883255879457,3,Bull
2025-02-27,0.0004026305193933766,3,Bull
2025-02-28,-0.015025489669975856,3,Bull
2025-03-03,-0.10555706891855077,3,Bull
2025-03-04,0.00487284909395469,3,Bull
2025-03-05,-0.03530838005758452,3,Bull
2025-03-06,0.012095507382972048,3,Bull
2025-03-07,0.014123855346888092,3,Bull
2025-03-10,-0.00045913682277320955,3,Bull
2025-03-11,-0.01913948859286485,3,Bull
2025-03-12,0.012956603184514526,3,Bull
2025-03-13,-0.022807828633071403,3,Bull
2025-03-14,-0.04084529254060876,3,Bull
2025-03-17,0.002630713581058819,3,Bull
2025-03-19,0.010045366169799008,3,Bull
2025-03-20,0.0,3,Bull
2025-03-21,-0.025986525505293567,3,Bull
2025-03-24,0.04001976284584985,3,Bull
2025-03-25,-0.020269200316706204,3,Bull
2025-03-26,0.011152416356877248,3,Bull
2025-03-27,-0.014546035805626634,3,Bull
2025-03-28,0.015247364152473741,3,Bull
2025-03-31,-0.009745965809234702,3,Bull
2025-04-01,0.016618263956114765,3,Bull
2025-04-02,0.07443262974131093,3,Bull
2025-04-03,-0.01742983751846383,3,Bull
2025-04-04,-0.046602525556223684,3,Bull
2025-04-07,-0.0586565752128666,3,Bull
2025-04-08,-0.03802345058626466,3,Bull
2025-04-09,0.06198850774856357,3,Bull
2025-04-10,-0.018035743564518758,3,Bull
2025-04-11,0.03690098513942219,3,Bull
2025-04-14,-0.03816425120772948,3,Bull
2025-04-15,-0.030637870416875934,3,Bull
2025-04-16,0.00898100172711569,3,Bull
2025-04-17,0.04998288257446082,3,Bull
2025-04-24,0.05184219106618837,3,Bull
2025-04-25,0.0054246745195287716,3,Bull
2025-04-28,-0.030830892554339462,3,Bull
2025-04-29,0.00429457610943218,3,Bull
2025-04-30,0.025340513145391208,3,Bull
2025-05-01,-0.015909793018226703,3,Bull
2025-05-02,-0.00674933291477009,3,Bull
2025-05-05,0.0,3,Bull
2025-05-06,0.01959544879898867,3,Bull
2025-05-07,0.039057656540607555,3,Bull
2025-05-08,-0.019093078758949833,3,Bull
2025-05-09,0.0025851581508515853,3,Bull
2025-05-12,0.008342181101167911,3,Bull
2025-05-13,0.06332731648616119,3,Bull
2025-05-14,0.001131701796576623,3,Bull
2025-05-15,0.03730394234845269,3,Bull
2025-05-19,-0.0095780481491069,3,Bull
2025-05-20,-0.001568217459487764,3,Bull
2025-05-21,-0.0244764397905759,3,Bull
2025-05-22,-0.04749765195223399,3,Bull
2025-05-27,-0.07564445696576982,3,Bull
2025-05-28,-0.008533983541603174,3,Bull
2025-05-29,-0.046879803258530583,3,Bull
2025-05-30,0.0548298661506208,3,Bull
2025-06-02,-0.03332823727258827,3,Bull
2025-06-03,0.023881069112762887,3,Bull
2025-06-04,0.011275872721655755,3,Bull
2025-06-05,0.009928211394531816,3,Bull
2025-06-06,0.005142165759225659,3,Bull
2025-06-09,-0.0030093289196508888,3,Bull
2025-06-10,-0.033504376697856886,3,Bull
2025-06-11,-0.008588382261086824,3,Bull
2025-06-12,0.0028350921404944884,3,Bull
2025-06-13,-0.021831317732055933,3,Bull
2025-06-16,0.01766217084136157,3,Bull
2025-06-17,-0.01798674660776267,3,Bull
2025-06-18,-0.03406169665809766,3,Bull
2025-06-19,-0.04441117764471059,3,Bull
2025-06-23,0.016884247171453426,3,Bull
2025-06-24,0.011126326600479297,3,Bull
2025-06-25,-0.0079566615879465,3,Bull
2025-06-26,0.03344709897610931,3,Bull
2025-06-27,-0.006439894319682948,3,Bull
2025-06-30,-0.01296327073292336,3,Bull
2025-07-01,-0.04529382050850317,3,Bull
2025-07-02,-0.022045855379188684,3,Bull
2025-07-03,-0.018755635707844887,3,Bull
2025-07-04,0.01176254365006435,3,Bull
2025-07-07,-0.011989100817438647,3,Bull
2025-07-08,-0.007722007722007707,3,Bull
2025-07-09,0.02686677783954039,3,Bull
2025-07-10,-0.04474918801876582,3,Bull
2025-07-11,-0.0009444654325652113,3,Bull
2025-07-14,0.013424087729249301,3,Bull
2025-07-15,-0.02854477611940298,3,Bull
2025-07-17,-0.05097806757557799,3,Bull
2025-07-18,0.05100978555069746,3,Bull
2025-07-21,0.03803486529318545,3,Bull
2025-07-22,0.02118320610687019,3,Bull
2025-07-23,0.0213044290786768,3,Bull
2025-07-24,-0.022323879231473054,3,Bull
2025-07-25,0.026576829496537613,3,Bull
2025-07-28,0.019143117593436676,3,Bull
2025-07-29,-0.023971377459749532,3,Bull
2025-07-30,0.0029325513196480912,3,Bull
2025-07-31,0.033991228070175517,3,Bull
2025-08-01,-0.029162248144220526,3,Bull
2025-08-04,-0.020207536865101017,3,Bull
2025-08-05,0.0314009661835748,3,Bull
2025-08-06,-0.025400828679517207,3,Bull
2025-08-07,-0.0001848428835490301,3,Bull
2025-08-08,0.0011092623405435376,3,Bull
2025-08-11,0.05503231763619576,3,Bull
2025-08-12,0.01592858393138452,3,Bull
2025-08-13,-0.007925568573397657,3,Bull
2025-08-14,-0.032650225772837826,2,Normal
2025-08-15,-0.003411131059245953,1,Elevated
2025-08-18,-0.0032426589803639105,1,Elevated
2025-08-19,0.0037954093620098384,1,Elevated
2025-08-20,-0.017104789341015447,1,Elevated
2025-08-21,-0.018318373328448434,1,Elevated
2025-08-22,-0.007277477141257704,1,Elevated
2025-08-26,-0.0001879699248120703,1,Elevated
2025-08-27,0.015792442188381273,1,Elevated
2025-08-28,-0.010919859337405136,1,Elevated
2025-08-29,-0.007859281437125776,1,Elevated
2025-09-01,-0.004526593738211959,1,Elevated
2025-09-02,-0.0024630541871921707,1,Elevated
2025-09-03,0.0,1,Elevated
2025-09-04,-0.023931623931623958,1,Elevated
2025-09-06,0.0009729519361743044,1,Elevated
2025-09-08,-0.020412130637636028,1,Elevated
2025-09-09,0.012502480650922854,1,Elevated
2025-09-10,0.013328106624852953,1,Elevated
2025-09-11,0.005029013539651794,1,Elevated
2025-09-12,-0.01732101616628179,1,Elevated
2025-09-15,0.021543282412847642,1,Elevated
2025-09-17,-0.0011748580379871143,1,Elevated
2025-09-18,-0.01705547931778084,1,Elevated
2025-09-19,0.008177104108496147,1,Elevated
2025-09-22,-0.029475766567754746,1,Elevated
2025-09-23,-0.004484304932735439,1,Elevated
2025-09-24,0.006756756756756799,1,Elevated
2025-09-25,-0.009965426072808592,1,Elevated
2025-09-26,-0.010065735414954813,1,Elevated
2025-09-29,0.006432869890018678,1,Elevated
2025-09-30,-0.024742268041237137,1,Elevated
2025-10-01,-0.008456659619450302,1,Elevated
2025-10-02,-0.03773987206823026,3,Bull
2025-10-03,-0.04985597163749167,3,Bull
2025-10-06,0.010494402985074647,3,Bull
2025-10-07,-0.01638587583660278,3,Bull
2025-10-08,-0.018535898639136517,3,Bull
2025-10-09,0.004542194597179083,3,Bull
2025-10-10,-0.01665873393622086,3,Bull
2025-10-13,0.005566311713455896,3,Bull
2025-10-14,0.012274368231046884,3,Bull
2025-10-15,-0.02734189253447461,3,Bull
2025-10-16,0.02615497433390379,3,Bull
2025-10-17,-0.02191519771319672,3,Bull
2025-10-20,-0.001704822211398005,3,Bull
2025-10-21,0.024640156135642854,3,Bull
2025-10-22,0.08714285714285719,3,Bull
2025-10-23,-0.0015330705212439621,3,Bull
2025-10-24,-0.009651239306865511,3,Bull
2025-10-27,-0.03167220376522706,3,Bull
2025-10-28,-0.02584629460201282,3,Bull
2025-10-29,0.014557407842216374,3,Bull
2025-10-30,0.0043971302939134205,3,Bull
2025-10-31,0.019354838709677358,3,Bull
2025-11-03,0.06442133815551543,3,Bull
2025-11-04,0.011679762157570606,3,Bull
2025-11-05,-0.0396725440806045,3,Bull
2025-11-06,-0.030819672131147557,3,Bull
2025-11-07,-0.02525935949481284,3,Bull
2025-11-10,0.008329477093937943,3,Bull
2025-11-11,-0.047269389628269876,3,Bull
2025-11-12,0.004094412331406616,3,Bull
2025-11-13,-0.014391940513312496,3,Bull
2025-11-14,-0.009004623996106131,3,Bull
2025-11-17,-0.014734774066797685,3,Bull
2025-11-18,0.009970089730807485,3,Bull
2025-11-19,-0.06317867719644621,3,Bull
2025-11-20,0.0453108535300315,3,Bull
2025-11-24,-0.022429435483870996,3,Bull
2025-11-25,-0.024748646558391374,3,Bull
2025-11-26,0.0023790642347343294,3,Bull
2025-11-27,0.031381856540084296,3,Bull
2025-11-30,0.040398874968038845,3,Bull
2025-12-01,0.006635536986974611,3,Bull
2025-12-02,-0.0146484375,3,Bull
2025-12-03,-0.0069375619425173785,3,Bull
2025-12-04,-0.012225548902195627,3,Bull
2025-12-08,0.04066683505935842,3,Bull
2025-12-09,0.03228155339805827,3,Bull
2025-12-10,0.05619562661650601,3,Bull
2025-12-11,0.0011130899376670111,3,Bull
2025-12-12,0.012897487213697989,3,Bull
2025-12-15,-0.06915477497255762,3,Bull
2025-12-17,-0.0025217790004584684,3,Bull
2025-12-18,-0.0036773155596414586,3,Bull
2025-12-21,-0.0117647058823529,3,Bull
2025-12-22,-0.003501400560224077,3,Bull
2025-12-23,0.007964394471773328,3,Bull
2025-12-29,0.04392284452707407,3,Bull
2025-12-30,-0.028049866429207482,3,Bull
2026-01-02,-0.027027027027026973,3,Bull
2026-01-05,0.025659133709981186,3,Bull
2026-01-06,-0.015377553362405316,3,Bull
2026-01-07,-0.007226107226107281,3,Bull
2026-01-08,0.02559286217421941,3,Bull
2026-01-09,-0.10347985347985345,3,Bull
2026-01-12,0.006128702757916216,3,Bull
2026-01-13,-0.0281725888324873,3,Bull
2026-01-14,-0.025071820318621096,3,Bull
2026-01-15,-0.022234128047147084,3,Bull
2026-01-19,-0.0002739726027397582,3,Bull
2026-01-20,-0.08276240065771445,3,Bull
2026-01-21,-0.04093217806991334,3,Bull
2026-01-22,0.0009345794392523477,3,Bull
2026-01-23,-0.06411453470276995,3,Bull
2026-01-26,0.024276687728633117,3,Bull
2026-01-27,0.004220779220779125,3,Bull
2026-01-28,-0.0672486259295183,3,Bull
2026-01-29,0.01005199306759108,3,Bull
2026-02-01,-0.00034317089910773646,3,Bull
2026-02-02,0.03192584963954692,3,Bull
2026-02-03,0.02727877578176985,3,Bull
2026-02-05,-0.007124352331606243,3,Bull
2026-02-06,-0.005218525766470972,3,Bull
2026-02-09,-0.030819672131147557,3,Bull
2026-02-10,-0.06968876860622464,3,Bull
2026-02-11,-0.005090909090909146,3,Bull
2026-02-12,-0.002192982456140302,3,Bull
2026-02-13,-0.06043956043956045,3,Bull
2026-02-14,0.0,3,Bull
2026-02-16,-0.017933723196881135,3,Bull
2026-02-17,-0.03215561730845573,3,Bull
2026-02-18,-0.06972928630024611,3,Bull
2026-02-19,-0.06172839506172845,3,Bull
2026-02-20,0.0625,3,Bull
2026-02-23,-0.03449800973020789,3,Bull
2026-02-24,-0.01649106733852501,3,Bull
2026-02-25,0.005123428039124356,3,Bull
2026-02-26,-0.000926784059314234,3,Bull
2026-02-27,-0.04591836734693877,3,Bull
2026-03-03,0.01180916391119502,3,Bull
2026-03-04,0.014472455648926186,3,Bull
2026-03-05,0.015186378278877033,3,Bull
2026-03-06,0.049864007252946596,3,Bull
2026-03-09,0.0181347150259068,3,Bull
2026-03-10,0.051314673452077963,3,Bull
2026-03-11,0.0016135538523598392,3,Bull
2026-03-12,-0.031816351188078906,3,Bull
2026-03-13,0.002911813643926786,3,Bull
2026-03-16,0.03525508087930329,3,Bull
2026-03-17,-0.024439102564102533,3,Bull
2026-03-18,-0.013141683778234103,3,Bull
2026-03-19,0.0216396171452351,3,Bull
2026-03-20,-0.016700610997963383,3,Bull
2026-03-23,-0.01905550952775481,3,Bull
2026-03-24,0.014358108108108114,3,Bull
2026-03-25,-0.03080766028309745,3,Bull
2026-03-26,0.012027491408934665,3,Bull
2026-03-27,0.005942275042444711,3,Bull
2026-03-30,-0.005063291139240533,3,Bull
2026-03-31,0.05470737913486001,3,Bull
2026-04-01,-0.006835544833132312,3,Bull
2026-04-02,-0.00445344129554659,3,Bull
2026-04-08,0.025673940949935803,3,Bull
2026-04-09,-0.007926574885273263,3,Bull
2026-04-10,0.02691337258200166,3,Bull
2026-04-13,0.015561015561015523,3,Bull
2026-04-14,0.06814516129032255,3,Bull
2026-04-15,-0.023405058512646293,3,Bull
2026-04-16,-0.021646695013529227,3,Bull
2026-04-17,-0.041090478071908354,3,Bull
2026-04-20,0.03213844252163156,3,Bull
2026-04-21,-0.01876247504990025,3,Bull
2026-04-22,0.03661513425549234,3,Bull
2026-04-23,0.010596546310831956,3,Bull
2026-04-24,-0.005048543689320395,3,Bull
2026-04-27,-0.03708040593286499,3,Bull
2026-04-28,0.028779894608836676,3,Bull
2026-04-29,0.007880220646178104,3,Bull
2026-04-30,0.04300234558248639,3,Bull
2026-05-01,0.007496251874062887,3,Bull
2026-05-05,0.14136904761904767,0,Crash
2026-05-06,0.01205997392438074,0,Crash
2026-05-07,0.0608695652173914,0,Crash
2026-05-08,-0.05464480874316935,0,Crash
2026-05-11,0.11881824020552334,0,Crash
